,Tissue,Delivery,Date,Animal,Test,Function,Parent,IFNB,IFNG,LPSIFNG,Naive_Macrophage,THP1_Monocytes,Barcode_number,Barcode_Allele,Allele_String,Test_Allele,Animal_Allele,Tissue_Allele,Sex,Striatum,Hippocampus,Cortex,RT_reaction,Allele,Striatum_interaction,Hippocampus_interaction,Cortex_interaction,Parent_Allele,Brain_interaction
IFNB_THP1mac_ZC58_R_ALT_Barcode_1,THP1_IFNB,Nucleofector,,Macrophage,IFNB_THP1mac_ZC58_R,Immune,THP1_Macrophage,1.0,0.0,0.0,0.0,0.0,1,1_ALT,ALT,IFNB_THP1mac_ZC58_R_ALT,Macrophage_ALT,THP1_IFNB_ALT,,,,,,,,,,THP1_Macrophage_ALT,0
IFNB_THP1mac_ZC58_R_ALT_Barcode_2,THP1_IFNB,Nucleofector,,Macrophage,IFNB_THP1mac_ZC58_R,Immune,THP1_Macrophage,1.0,0.0,0.0,0.0,0.0,2,2_ALT,ALT,IFNB_THP1mac_ZC58_R_ALT,Macrophage_ALT,THP1_IFNB_ALT,,,,,,,,,,THP1_Macrophage_ALT,0
IFNB_THP1mac_ZC58_R_ALT_Barcode_3,THP1_IFNB,Nucleofector,,Macrophage,IFNB_THP1mac_ZC58_R,Immune,THP1_Macrophage,1.0,0.0,0.0,0.0,0.0,3,3_ALT,ALT,IFNB_THP1mac_ZC58_R_ALT,Macrophage_ALT,THP1_IFNB_ALT,,,,,,,,,,THP1_Macrophage_ALT,0
IFNB_THP1mac_ZC58_R_ALT_Barcode_4,THP1_IFNB,Nucleofector,,Macrophage,IFNB_THP1mac_ZC58_R,Immune,THP1_Macrophage,1.0,0.0,0.0,0.0,0.0,4,4_ALT,ALT,IFNB_THP1mac_ZC58_R_ALT,Macrophage_ALT,THP1_IFNB_ALT,,,,,,,,,,THP1_Macrophage_ALT,0
IFNB_THP1mac_ZC58_R_ALT_Barcode_5,THP1_IFNB,Nucleofector,,Macrophage,IFNB_THP1mac_ZC58_R,Immune,THP1_Macrophage,1.0,0.0,0.0,0.0,0.0,5,5_ALT,ALT,IFNB_THP1mac_ZC58_R_ALT,Macrophage_ALT,THP1_IFNB_ALT,,,,,,,,,,THP1_Macrophage_ALT,0
IFNB_THP1mac_ZC58_R_REF_Barcode_1,THP1_IFNB,Nucleofector,,Macrophage,IFNB_THP1mac_ZC58_R,Immune,THP1_Macrophage,1.0,0.0,0.0,0.0,0.0,1,1_REF,REF,IFNB_THP1mac_ZC58_R_REF,Macrophage_REF,THP1_IFNB_REF,,,,,,,,,,THP1_Macrophage_REF,0
IFNB_THP1mac_ZC58_R_REF_Barcode_2,THP1_IFNB,Nucleofector,,Macrophage,IFNB_THP1mac_ZC58_R,Immune,THP1_Macrophage,1.0,0.0,0.0,0.0,0.0,2,2_REF,REF,IFNB_THP1mac_ZC58_R_REF,Macrophage_REF,THP1_IFNB_REF,,,,,,,,,,THP1_Macrophage_REF,0
IFNB_THP1mac_ZC58_R_REF_Barcode_3,THP1_IFNB,Nucleofector,,Macrophage,IFNB_THP1mac_ZC58_R,Immune,THP1_Macrophage,1.0,0.0,0.0,0.0,0.0,3,3_REF,REF,IFNB_THP1mac_ZC58_R_REF,Macrophage_REF,THP1_IFNB_REF,,,,,,,,,,THP1_Macrophage_REF,0
IFNB_THP1mac_ZC58_R_REF_Barcode_4,THP1_IFNB,Nucleofector,,Macrophage,IFNB_THP1mac_ZC58_R,Immune,THP1_Macrophage,1.0,0.0,0.0,0.0,0.0,4,4_REF,REF,IFNB_THP1mac_ZC58_R_REF,Macrophage_REF,THP1_IFNB_REF,,,,,,,,,,THP1_Macrophage_REF,0
IFNB_THP1mac_ZC58_R_REF_Barcode_5,THP1_IFNB,Nucleofector,,Macrophage,IFNB_THP1mac_ZC58_R,Immune,THP1_Macrophage,1.0,0.0,0.0,0.0,0.0,5,5_REF,REF,IFNB_THP1mac_ZC58_R_REF,Macrophage_REF,THP1_IFNB_REF,,,,,,,,,,THP1_Macrophage_REF,0
IFNB_THP1mac_ZC62_R_ALT_Barcode_1,THP1_IFNB,Nucleofector,,Macrophage,IFNB_THP1mac_ZC62_R,Immune,THP1_Macrophage,1.0,0.0,0.0,0.0,0.0,1,1_ALT,ALT,IFNB_THP1mac_ZC62_R_ALT,Macrophage_ALT,THP1_IFNB_ALT,,,,,,,,,,THP1_Macrophage_ALT,0
IFNB_THP1mac_ZC62_R_ALT_Barcode_2,THP1_IFNB,Nucleofector,,Macrophage,IFNB_THP1mac_ZC62_R,Immune,THP1_Macrophage,1.0,0.0,0.0,0.0,0.0,2,2_ALT,ALT,IFNB_THP1mac_ZC62_R_ALT,Macrophage_ALT,THP1_IFNB_ALT,,,,,,,,,,THP1_Macrophage_ALT,0
IFNB_THP1mac_ZC62_R_ALT_Barcode_3,THP1_IFNB,Nucleofector,,Macrophage,IFNB_THP1mac_ZC62_R,Immune,THP1_Macrophage,1.0,0.0,0.0,0.0,0.0,3,3_ALT,ALT,IFNB_THP1mac_ZC62_R_ALT,Macrophage_ALT,THP1_IFNB_ALT,,,,,,,,,,THP1_Macrophage_ALT,0
IFNB_THP1mac_ZC62_R_ALT_Barcode_4,THP1_IFNB,Nucleofector,,Macrophage,IFNB_THP1mac_ZC62_R,Immune,THP1_Macrophage,1.0,0.0,0.0,0.0,0.0,4,4_ALT,ALT,IFNB_THP1mac_ZC62_R_ALT,Macrophage_ALT,THP1_IFNB_ALT,,,,,,,,,,THP1_Macrophage_ALT,0
IFNB_THP1mac_ZC62_R_ALT_Barcode_5,THP1_IFNB,Nucleofector,,Macrophage,IFNB_THP1mac_ZC62_R,Immune,THP1_Macrophage,1.0,0.0,0.0,0.0,0.0,5,5_ALT,ALT,IFNB_THP1mac_ZC62_R_ALT,Macrophage_ALT,THP1_IFNB_ALT,,,,,,,,,,THP1_Macrophage_ALT,0
IFNB_THP1mac_ZC62_R_REF_Barcode_1,THP1_IFNB,Nucleofector,,Macrophage,IFNB_THP1mac_ZC62_R,Immune,THP1_Macrophage,1.0,0.0,0.0,0.0,0.0,1,1_REF,REF,IFNB_THP1mac_ZC62_R_REF,Macrophage_REF,THP1_IFNB_REF,,,,,,,,,,THP1_Macrophage_REF,0
IFNB_THP1mac_ZC62_R_REF_Barcode_2,THP1_IFNB,Nucleofector,,Macrophage,IFNB_THP1mac_ZC62_R,Immune,THP1_Macrophage,1.0,0.0,0.0,0.0,0.0,2,2_REF,REF,IFNB_THP1mac_ZC62_R_REF,Macrophage_REF,THP1_IFNB_REF,,,,,,,,,,THP1_Macrophage_REF,0
IFNB_THP1mac_ZC62_R_REF_Barcode_3,THP1_IFNB,Nucleofector,,Macrophage,IFNB_THP1mac_ZC62_R,Immune,THP1_Macrophage,1.0,0.0,0.0,0.0,0.0,3,3_REF,REF,IFNB_THP1mac_ZC62_R_REF,Macrophage_REF,THP1_IFNB_REF,,,,,,,,,,THP1_Macrophage_REF,0
IFNB_THP1mac_ZC62_R_REF_Barcode_4,THP1_IFNB,Nucleofector,,Macrophage,IFNB_THP1mac_ZC62_R,Immune,THP1_Macrophage,1.0,0.0,0.0,0.0,0.0,4,4_REF,REF,IFNB_THP1mac_ZC62_R_REF,Macrophage_REF,THP1_IFNB_REF,,,,,,,,,,THP1_Macrophage_REF,0
IFNB_THP1mac_ZC62_R_REF_Barcode_5,THP1_IFNB,Nucleofector,,Macrophage,IFNB_THP1mac_ZC62_R,Immune,THP1_Macrophage,1.0,0.0,0.0,0.0,0.0,5,5_REF,REF,IFNB_THP1mac_ZC62_R_REF,Macrophage_REF,THP1_IFNB_REF,,,,,,,,,,THP1_Macrophage_REF,0
IFNB_THP1mac_ZC84_R_ALT_Barcode_1,THP1_IFNB,Nucleofector,,Macrophage,IFNB_THP1mac_ZC84_R,Immune,THP1_Macrophage,1.0,0.0,0.0,0.0,0.0,1,1_ALT,ALT,IFNB_THP1mac_ZC84_R_ALT,Macrophage_ALT,THP1_IFNB_ALT,,,,,,,,,,THP1_Macrophage_ALT,0
IFNB_THP1mac_ZC84_R_ALT_Barcode_2,THP1_IFNB,Nucleofector,,Macrophage,IFNB_THP1mac_ZC84_R,Immune,THP1_Macrophage,1.0,0.0,0.0,0.0,0.0,2,2_ALT,ALT,IFNB_THP1mac_ZC84_R_ALT,Macrophage_ALT,THP1_IFNB_ALT,,,,,,,,,,THP1_Macrophage_ALT,0
IFNB_THP1mac_ZC84_R_ALT_Barcode_3,THP1_IFNB,Nucleofector,,Macrophage,IFNB_THP1mac_ZC84_R,Immune,THP1_Macrophage,1.0,0.0,0.0,0.0,0.0,3,3_ALT,ALT,IFNB_THP1mac_ZC84_R_ALT,Macrophage_ALT,THP1_IFNB_ALT,,,,,,,,,,THP1_Macrophage_ALT,0
IFNB_THP1mac_ZC84_R_ALT_Barcode_4,THP1_IFNB,Nucleofector,,Macrophage,IFNB_THP1mac_ZC84_R,Immune,THP1_Macrophage,1.0,0.0,0.0,0.0,0.0,4,4_ALT,ALT,IFNB_THP1mac_ZC84_R_ALT,Macrophage_ALT,THP1_IFNB_ALT,,,,,,,,,,THP1_Macrophage_ALT,0
IFNB_THP1mac_ZC84_R_ALT_Barcode_5,THP1_IFNB,Nucleofector,,Macrophage,IFNB_THP1mac_ZC84_R,Immune,THP1_Macrophage,1.0,0.0,0.0,0.0,0.0,5,5_ALT,ALT,IFNB_THP1mac_ZC84_R_ALT,Macrophage_ALT,THP1_IFNB_ALT,,,,,,,,,,THP1_Macrophage_ALT,0
IFNB_THP1mac_ZC84_R_REF_Barcode_1,THP1_IFNB,Nucleofector,,Macrophage,IFNB_THP1mac_ZC84_R,Immune,THP1_Macrophage,1.0,0.0,0.0,0.0,0.0,1,1_REF,REF,IFNB_THP1mac_ZC84_R_REF,Macrophage_REF,THP1_IFNB_REF,,,,,,,,,,THP1_Macrophage_REF,0
IFNB_THP1mac_ZC84_R_REF_Barcode_2,THP1_IFNB,Nucleofector,,Macrophage,IFNB_THP1mac_ZC84_R,Immune,THP1_Macrophage,1.0,0.0,0.0,0.0,0.0,2,2_REF,REF,IFNB_THP1mac_ZC84_R_REF,Macrophage_REF,THP1_IFNB_REF,,,,,,,,,,THP1_Macrophage_REF,0
IFNB_THP1mac_ZC84_R_REF_Barcode_3,THP1_IFNB,Nucleofector,,Macrophage,IFNB_THP1mac_ZC84_R,Immune,THP1_Macrophage,1.0,0.0,0.0,0.0,0.0,3,3_REF,REF,IFNB_THP1mac_ZC84_R_REF,Macrophage_REF,THP1_IFNB_REF,,,,,,,,,,THP1_Macrophage_REF,0
IFNB_THP1mac_ZC84_R_REF_Barcode_4,THP1_IFNB,Nucleofector,,Macrophage,IFNB_THP1mac_ZC84_R,Immune,THP1_Macrophage,1.0,0.0,0.0,0.0,0.0,4,4_REF,REF,IFNB_THP1mac_ZC84_R_REF,Macrophage_REF,THP1_IFNB_REF,,,,,,,,,,THP1_Macrophage_REF,0
IFNB_THP1mac_ZC84_R_REF_Barcode_5,THP1_IFNB,Nucleofector,,Macrophage,IFNB_THP1mac_ZC84_R,Immune,THP1_Macrophage,1.0,0.0,0.0,0.0,0.0,5,5_REF,REF,IFNB_THP1mac_ZC84_R_REF,Macrophage_REF,THP1_IFNB_REF,,,,,,,,,,THP1_Macrophage_REF,0
IFNB_THP1mac_ZC87_R_ALT_Barcode_1,THP1_IFNB,Nucleofector,,Macrophage,IFNB_THP1mac_ZC87_R,Immune,THP1_Macrophage,1.0,0.0,0.0,0.0,0.0,1,1_ALT,ALT,IFNB_THP1mac_ZC87_R_ALT,Macrophage_ALT,THP1_IFNB_ALT,,,,,,,,,,THP1_Macrophage_ALT,0
IFNB_THP1mac_ZC87_R_ALT_Barcode_2,THP1_IFNB,Nucleofector,,Macrophage,IFNB_THP1mac_ZC87_R,Immune,THP1_Macrophage,1.0,0.0,0.0,0.0,0.0,2,2_ALT,ALT,IFNB_THP1mac_ZC87_R_ALT,Macrophage_ALT,THP1_IFNB_ALT,,,,,,,,,,THP1_Macrophage_ALT,0
IFNB_THP1mac_ZC87_R_ALT_Barcode_3,THP1_IFNB,Nucleofector,,Macrophage,IFNB_THP1mac_ZC87_R,Immune,THP1_Macrophage,1.0,0.0,0.0,0.0,0.0,3,3_ALT,ALT,IFNB_THP1mac_ZC87_R_ALT,Macrophage_ALT,THP1_IFNB_ALT,,,,,,,,,,THP1_Macrophage_ALT,0
IFNB_THP1mac_ZC87_R_ALT_Barcode_4,THP1_IFNB,Nucleofector,,Macrophage,IFNB_THP1mac_ZC87_R,Immune,THP1_Macrophage,1.0,0.0,0.0,0.0,0.0,4,4_ALT,ALT,IFNB_THP1mac_ZC87_R_ALT,Macrophage_ALT,THP1_IFNB_ALT,,,,,,,,,,THP1_Macrophage_ALT,0
IFNB_THP1mac_ZC87_R_ALT_Barcode_5,THP1_IFNB,Nucleofector,,Macrophage,IFNB_THP1mac_ZC87_R,Immune,THP1_Macrophage,1.0,0.0,0.0,0.0,0.0,5,5_ALT,ALT,IFNB_THP1mac_ZC87_R_ALT,Macrophage_ALT,THP1_IFNB_ALT,,,,,,,,,,THP1_Macrophage_ALT,0
IFNB_THP1mac_ZC87_R_REF_Barcode_1,THP1_IFNB,Nucleofector,,Macrophage,IFNB_THP1mac_ZC87_R,Immune,THP1_Macrophage,1.0,0.0,0.0,0.0,0.0,1,1_REF,REF,IFNB_THP1mac_ZC87_R_REF,Macrophage_REF,THP1_IFNB_REF,,,,,,,,,,THP1_Macrophage_REF,0
IFNB_THP1mac_ZC87_R_REF_Barcode_2,THP1_IFNB,Nucleofector,,Macrophage,IFNB_THP1mac_ZC87_R,Immune,THP1_Macrophage,1.0,0.0,0.0,0.0,0.0,2,2_REF,REF,IFNB_THP1mac_ZC87_R_REF,Macrophage_REF,THP1_IFNB_REF,,,,,,,,,,THP1_Macrophage_REF,0
IFNB_THP1mac_ZC87_R_REF_Barcode_3,THP1_IFNB,Nucleofector,,Macrophage,IFNB_THP1mac_ZC87_R,Immune,THP1_Macrophage,1.0,0.0,0.0,0.0,0.0,3,3_REF,REF,IFNB_THP1mac_ZC87_R_REF,Macrophage_REF,THP1_IFNB_REF,,,,,,,,,,THP1_Macrophage_REF,0
IFNB_THP1mac_ZC87_R_REF_Barcode_4,THP1_IFNB,Nucleofector,,Macrophage,IFNB_THP1mac_ZC87_R,Immune,THP1_Macrophage,1.0,0.0,0.0,0.0,0.0,4,4_REF,REF,IFNB_THP1mac_ZC87_R_REF,Macrophage_REF,THP1_IFNB_REF,,,,,,,,,,THP1_Macrophage_REF,0
IFNB_THP1mac_ZC87_R_REF_Barcode_5,THP1_IFNB,Nucleofector,,Macrophage,IFNB_THP1mac_ZC87_R,Immune,THP1_Macrophage,1.0,0.0,0.0,0.0,0.0,5,5_REF,REF,IFNB_THP1mac_ZC87_R_REF,Macrophage_REF,THP1_IFNB_REF,,,,,,,,,,THP1_Macrophage_REF,0
IFNB_THP1mac_ZC92_R_ALT_Barcode_1,THP1_IFNB,Nucleofector,,Macrophage,IFNB_THP1mac_ZC92_R,Immune,THP1_Macrophage,1.0,0.0,0.0,0.0,0.0,1,1_ALT,ALT,IFNB_THP1mac_ZC92_R_ALT,Macrophage_ALT,THP1_IFNB_ALT,,,,,,,,,,THP1_Macrophage_ALT,0
IFNB_THP1mac_ZC92_R_ALT_Barcode_2,THP1_IFNB,Nucleofector,,Macrophage,IFNB_THP1mac_ZC92_R,Immune,THP1_Macrophage,1.0,0.0,0.0,0.0,0.0,2,2_ALT,ALT,IFNB_THP1mac_ZC92_R_ALT,Macrophage_ALT,THP1_IFNB_ALT,,,,,,,,,,THP1_Macrophage_ALT,0
IFNB_THP1mac_ZC92_R_ALT_Barcode_3,THP1_IFNB,Nucleofector,,Macrophage,IFNB_THP1mac_ZC92_R,Immune,THP1_Macrophage,1.0,0.0,0.0,0.0,0.0,3,3_ALT,ALT,IFNB_THP1mac_ZC92_R_ALT,Macrophage_ALT,THP1_IFNB_ALT,,,,,,,,,,THP1_Macrophage_ALT,0
IFNB_THP1mac_ZC92_R_ALT_Barcode_4,THP1_IFNB,Nucleofector,,Macrophage,IFNB_THP1mac_ZC92_R,Immune,THP1_Macrophage,1.0,0.0,0.0,0.0,0.0,4,4_ALT,ALT,IFNB_THP1mac_ZC92_R_ALT,Macrophage_ALT,THP1_IFNB_ALT,,,,,,,,,,THP1_Macrophage_ALT,0
IFNB_THP1mac_ZC92_R_ALT_Barcode_5,THP1_IFNB,Nucleofector,,Macrophage,IFNB_THP1mac_ZC92_R,Immune,THP1_Macrophage,1.0,0.0,0.0,0.0,0.0,5,5_ALT,ALT,IFNB_THP1mac_ZC92_R_ALT,Macrophage_ALT,THP1_IFNB_ALT,,,,,,,,,,THP1_Macrophage_ALT,0
IFNB_THP1mac_ZC92_R_REF_Barcode_1,THP1_IFNB,Nucleofector,,Macrophage,IFNB_THP1mac_ZC92_R,Immune,THP1_Macrophage,1.0,0.0,0.0,0.0,0.0,1,1_REF,REF,IFNB_THP1mac_ZC92_R_REF,Macrophage_REF,THP1_IFNB_REF,,,,,,,,,,THP1_Macrophage_REF,0
IFNB_THP1mac_ZC92_R_REF_Barcode_2,THP1_IFNB,Nucleofector,,Macrophage,IFNB_THP1mac_ZC92_R,Immune,THP1_Macrophage,1.0,0.0,0.0,0.0,0.0,2,2_REF,REF,IFNB_THP1mac_ZC92_R_REF,Macrophage_REF,THP1_IFNB_REF,,,,,,,,,,THP1_Macrophage_REF,0
IFNB_THP1mac_ZC92_R_REF_Barcode_3,THP1_IFNB,Nucleofector,,Macrophage,IFNB_THP1mac_ZC92_R,Immune,THP1_Macrophage,1.0,0.0,0.0,0.0,0.0,3,3_REF,REF,IFNB_THP1mac_ZC92_R_REF,Macrophage_REF,THP1_IFNB_REF,,,,,,,,,,THP1_Macrophage_REF,0
IFNB_THP1mac_ZC92_R_REF_Barcode_4,THP1_IFNB,Nucleofector,,Macrophage,IFNB_THP1mac_ZC92_R,Immune,THP1_Macrophage,1.0,0.0,0.0,0.0,0.0,4,4_REF,REF,IFNB_THP1mac_ZC92_R_REF,Macrophage_REF,THP1_IFNB_REF,,,,,,,,,,THP1_Macrophage_REF,0
IFNB_THP1mac_ZC92_R_REF_Barcode_5,THP1_IFNB,Nucleofector,,Macrophage,IFNB_THP1mac_ZC92_R,Immune,THP1_Macrophage,1.0,0.0,0.0,0.0,0.0,5,5_REF,REF,IFNB_THP1mac_ZC92_R_REF,Macrophage_REF,THP1_IFNB_REF,,,,,,,,,,THP1_Macrophage_REF,0
IFNG_THP1mac_ZC59_R_ALT_Barcode_1,THP1_IFNG,Nucleofector,,Macrophage,IFNG_THP1mac_ZC59_R,Immune,THP1_Macrophage,0.0,1.0,0.0,0.0,0.0,1,1_ALT,ALT,IFNG_THP1mac_ZC59_R_ALT,Macrophage_ALT,THP1_IFNG_ALT,,,,,,,,,,THP1_Macrophage_ALT,0
IFNG_THP1mac_ZC59_R_ALT_Barcode_2,THP1_IFNG,Nucleofector,,Macrophage,IFNG_THP1mac_ZC59_R,Immune,THP1_Macrophage,0.0,1.0,0.0,0.0,0.0,2,2_ALT,ALT,IFNG_THP1mac_ZC59_R_ALT,Macrophage_ALT,THP1_IFNG_ALT,,,,,,,,,,THP1_Macrophage_ALT,0
IFNG_THP1mac_ZC59_R_ALT_Barcode_3,THP1_IFNG,Nucleofector,,Macrophage,IFNG_THP1mac_ZC59_R,Immune,THP1_Macrophage,0.0,1.0,0.0,0.0,0.0,3,3_ALT,ALT,IFNG_THP1mac_ZC59_R_ALT,Macrophage_ALT,THP1_IFNG_ALT,,,,,,,,,,THP1_Macrophage_ALT,0
IFNG_THP1mac_ZC59_R_ALT_Barcode_4,THP1_IFNG,Nucleofector,,Macrophage,IFNG_THP1mac_ZC59_R,Immune,THP1_Macrophage,0.0,1.0,0.0,0.0,0.0,4,4_ALT,ALT,IFNG_THP1mac_ZC59_R_ALT,Macrophage_ALT,THP1_IFNG_ALT,,,,,,,,,,THP1_Macrophage_ALT,0
IFNG_THP1mac_ZC59_R_ALT_Barcode_5,THP1_IFNG,Nucleofector,,Macrophage,IFNG_THP1mac_ZC59_R,Immune,THP1_Macrophage,0.0,1.0,0.0,0.0,0.0,5,5_ALT,ALT,IFNG_THP1mac_ZC59_R_ALT,Macrophage_ALT,THP1_IFNG_ALT,,,,,,,,,,THP1_Macrophage_ALT,0
IFNG_THP1mac_ZC59_R_REF_Barcode_1,THP1_IFNG,Nucleofector,,Macrophage,IFNG_THP1mac_ZC59_R,Immune,THP1_Macrophage,0.0,1.0,0.0,0.0,0.0,1,1_REF,REF,IFNG_THP1mac_ZC59_R_REF,Macrophage_REF,THP1_IFNG_REF,,,,,,,,,,THP1_Macrophage_REF,0
IFNG_THP1mac_ZC59_R_REF_Barcode_2,THP1_IFNG,Nucleofector,,Macrophage,IFNG_THP1mac_ZC59_R,Immune,THP1_Macrophage,0.0,1.0,0.0,0.0,0.0,2,2_REF,REF,IFNG_THP1mac_ZC59_R_REF,Macrophage_REF,THP1_IFNG_REF,,,,,,,,,,THP1_Macrophage_REF,0
IFNG_THP1mac_ZC59_R_REF_Barcode_3,THP1_IFNG,Nucleofector,,Macrophage,IFNG_THP1mac_ZC59_R,Immune,THP1_Macrophage,0.0,1.0,0.0,0.0,0.0,3,3_REF,REF,IFNG_THP1mac_ZC59_R_REF,Macrophage_REF,THP1_IFNG_REF,,,,,,,,,,THP1_Macrophage_REF,0
IFNG_THP1mac_ZC59_R_REF_Barcode_4,THP1_IFNG,Nucleofector,,Macrophage,IFNG_THP1mac_ZC59_R,Immune,THP1_Macrophage,0.0,1.0,0.0,0.0,0.0,4,4_REF,REF,IFNG_THP1mac_ZC59_R_REF,Macrophage_REF,THP1_IFNG_REF,,,,,,,,,,THP1_Macrophage_REF,0
IFNG_THP1mac_ZC59_R_REF_Barcode_5,THP1_IFNG,Nucleofector,,Macrophage,IFNG_THP1mac_ZC59_R,Immune,THP1_Macrophage,0.0,1.0,0.0,0.0,0.0,5,5_REF,REF,IFNG_THP1mac_ZC59_R_REF,Macrophage_REF,THP1_IFNG_REF,,,,,,,,,,THP1_Macrophage_REF,0
IFNG_THP1mac_ZC63_R_ALT_Barcode_1,THP1_IFNG,Nucleofector,,Macrophage,IFNG_THP1mac_ZC63_R,Immune,THP1_Macrophage,0.0,1.0,0.0,0.0,0.0,1,1_ALT,ALT,IFNG_THP1mac_ZC63_R_ALT,Macrophage_ALT,THP1_IFNG_ALT,,,,,,,,,,THP1_Macrophage_ALT,0
IFNG_THP1mac_ZC63_R_ALT_Barcode_2,THP1_IFNG,Nucleofector,,Macrophage,IFNG_THP1mac_ZC63_R,Immune,THP1_Macrophage,0.0,1.0,0.0,0.0,0.0,2,2_ALT,ALT,IFNG_THP1mac_ZC63_R_ALT,Macrophage_ALT,THP1_IFNG_ALT,,,,,,,,,,THP1_Macrophage_ALT,0
IFNG_THP1mac_ZC63_R_ALT_Barcode_3,THP1_IFNG,Nucleofector,,Macrophage,IFNG_THP1mac_ZC63_R,Immune,THP1_Macrophage,0.0,1.0,0.0,0.0,0.0,3,3_ALT,ALT,IFNG_THP1mac_ZC63_R_ALT,Macrophage_ALT,THP1_IFNG_ALT,,,,,,,,,,THP1_Macrophage_ALT,0
IFNG_THP1mac_ZC63_R_ALT_Barcode_4,THP1_IFNG,Nucleofector,,Macrophage,IFNG_THP1mac_ZC63_R,Immune,THP1_Macrophage,0.0,1.0,0.0,0.0,0.0,4,4_ALT,ALT,IFNG_THP1mac_ZC63_R_ALT,Macrophage_ALT,THP1_IFNG_ALT,,,,,,,,,,THP1_Macrophage_ALT,0
IFNG_THP1mac_ZC63_R_ALT_Barcode_5,THP1_IFNG,Nucleofector,,Macrophage,IFNG_THP1mac_ZC63_R,Immune,THP1_Macrophage,0.0,1.0,0.0,0.0,0.0,5,5_ALT,ALT,IFNG_THP1mac_ZC63_R_ALT,Macrophage_ALT,THP1_IFNG_ALT,,,,,,,,,,THP1_Macrophage_ALT,0
IFNG_THP1mac_ZC63_R_REF_Barcode_1,THP1_IFNG,Nucleofector,,Macrophage,IFNG_THP1mac_ZC63_R,Immune,THP1_Macrophage,0.0,1.0,0.0,0.0,0.0,1,1_REF,REF,IFNG_THP1mac_ZC63_R_REF,Macrophage_REF,THP1_IFNG_REF,,,,,,,,,,THP1_Macrophage_REF,0
IFNG_THP1mac_ZC63_R_REF_Barcode_2,THP1_IFNG,Nucleofector,,Macrophage,IFNG_THP1mac_ZC63_R,Immune,THP1_Macrophage,0.0,1.0,0.0,0.0,0.0,2,2_REF,REF,IFNG_THP1mac_ZC63_R_REF,Macrophage_REF,THP1_IFNG_REF,,,,,,,,,,THP1_Macrophage_REF,0
IFNG_THP1mac_ZC63_R_REF_Barcode_3,THP1_IFNG,Nucleofector,,Macrophage,IFNG_THP1mac_ZC63_R,Immune,THP1_Macrophage,0.0,1.0,0.0,0.0,0.0,3,3_REF,REF,IFNG_THP1mac_ZC63_R_REF,Macrophage_REF,THP1_IFNG_REF,,,,,,,,,,THP1_Macrophage_REF,0
IFNG_THP1mac_ZC63_R_REF_Barcode_4,THP1_IFNG,Nucleofector,,Macrophage,IFNG_THP1mac_ZC63_R,Immune,THP1_Macrophage,0.0,1.0,0.0,0.0,0.0,4,4_REF,REF,IFNG_THP1mac_ZC63_R_REF,Macrophage_REF,THP1_IFNG_REF,,,,,,,,,,THP1_Macrophage_REF,0
IFNG_THP1mac_ZC63_R_REF_Barcode_5,THP1_IFNG,Nucleofector,,Macrophage,IFNG_THP1mac_ZC63_R,Immune,THP1_Macrophage,0.0,1.0,0.0,0.0,0.0,5,5_REF,REF,IFNG_THP1mac_ZC63_R_REF,Macrophage_REF,THP1_IFNG_REF,,,,,,,,,,THP1_Macrophage_REF,0
IFNG_THP1mac_ZC85_R_ALT_Barcode_1,THP1_IFNG,Nucleofector,,Macrophage,IFNG_THP1mac_ZC85_R,Immune,THP1_Macrophage,0.0,1.0,0.0,0.0,0.0,1,1_ALT,ALT,IFNG_THP1mac_ZC85_R_ALT,Macrophage_ALT,THP1_IFNG_ALT,,,,,,,,,,THP1_Macrophage_ALT,0
IFNG_THP1mac_ZC85_R_ALT_Barcode_2,THP1_IFNG,Nucleofector,,Macrophage,IFNG_THP1mac_ZC85_R,Immune,THP1_Macrophage,0.0,1.0,0.0,0.0,0.0,2,2_ALT,ALT,IFNG_THP1mac_ZC85_R_ALT,Macrophage_ALT,THP1_IFNG_ALT,,,,,,,,,,THP1_Macrophage_ALT,0
IFNG_THP1mac_ZC85_R_ALT_Barcode_3,THP1_IFNG,Nucleofector,,Macrophage,IFNG_THP1mac_ZC85_R,Immune,THP1_Macrophage,0.0,1.0,0.0,0.0,0.0,3,3_ALT,ALT,IFNG_THP1mac_ZC85_R_ALT,Macrophage_ALT,THP1_IFNG_ALT,,,,,,,,,,THP1_Macrophage_ALT,0
IFNG_THP1mac_ZC85_R_ALT_Barcode_4,THP1_IFNG,Nucleofector,,Macrophage,IFNG_THP1mac_ZC85_R,Immune,THP1_Macrophage,0.0,1.0,0.0,0.0,0.0,4,4_ALT,ALT,IFNG_THP1mac_ZC85_R_ALT,Macrophage_ALT,THP1_IFNG_ALT,,,,,,,,,,THP1_Macrophage_ALT,0
IFNG_THP1mac_ZC85_R_ALT_Barcode_5,THP1_IFNG,Nucleofector,,Macrophage,IFNG_THP1mac_ZC85_R,Immune,THP1_Macrophage,0.0,1.0,0.0,0.0,0.0,5,5_ALT,ALT,IFNG_THP1mac_ZC85_R_ALT,Macrophage_ALT,THP1_IFNG_ALT,,,,,,,,,,THP1_Macrophage_ALT,0
IFNG_THP1mac_ZC85_R_REF_Barcode_1,THP1_IFNG,Nucleofector,,Macrophage,IFNG_THP1mac_ZC85_R,Immune,THP1_Macrophage,0.0,1.0,0.0,0.0,0.0,1,1_REF,REF,IFNG_THP1mac_ZC85_R_REF,Macrophage_REF,THP1_IFNG_REF,,,,,,,,,,THP1_Macrophage_REF,0
IFNG_THP1mac_ZC85_R_REF_Barcode_2,THP1_IFNG,Nucleofector,,Macrophage,IFNG_THP1mac_ZC85_R,Immune,THP1_Macrophage,0.0,1.0,0.0,0.0,0.0,2,2_REF,REF,IFNG_THP1mac_ZC85_R_REF,Macrophage_REF,THP1_IFNG_REF,,,,,,,,,,THP1_Macrophage_REF,0
IFNG_THP1mac_ZC85_R_REF_Barcode_3,THP1_IFNG,Nucleofector,,Macrophage,IFNG_THP1mac_ZC85_R,Immune,THP1_Macrophage,0.0,1.0,0.0,0.0,0.0,3,3_REF,REF,IFNG_THP1mac_ZC85_R_REF,Macrophage_REF,THP1_IFNG_REF,,,,,,,,,,THP1_Macrophage_REF,0
IFNG_THP1mac_ZC85_R_REF_Barcode_4,THP1_IFNG,Nucleofector,,Macrophage,IFNG_THP1mac_ZC85_R,Immune,THP1_Macrophage,0.0,1.0,0.0,0.0,0.0,4,4_REF,REF,IFNG_THP1mac_ZC85_R_REF,Macrophage_REF,THP1_IFNG_REF,,,,,,,,,,THP1_Macrophage_REF,0
IFNG_THP1mac_ZC85_R_REF_Barcode_5,THP1_IFNG,Nucleofector,,Macrophage,IFNG_THP1mac_ZC85_R,Immune,THP1_Macrophage,0.0,1.0,0.0,0.0,0.0,5,5_REF,REF,IFNG_THP1mac_ZC85_R_REF,Macrophage_REF,THP1_IFNG_REF,,,,,,,,,,THP1_Macrophage_REF,0
IFNG_THP1mac_ZC88_R_ALT_Barcode_1,THP1_IFNG,Nucleofector,,Macrophage,IFNG_THP1mac_ZC88_R,Immune,THP1_Macrophage,0.0,1.0,0.0,0.0,0.0,1,1_ALT,ALT,IFNG_THP1mac_ZC88_R_ALT,Macrophage_ALT,THP1_IFNG_ALT,,,,,,,,,,THP1_Macrophage_ALT,0
IFNG_THP1mac_ZC88_R_ALT_Barcode_2,THP1_IFNG,Nucleofector,,Macrophage,IFNG_THP1mac_ZC88_R,Immune,THP1_Macrophage,0.0,1.0,0.0,0.0,0.0,2,2_ALT,ALT,IFNG_THP1mac_ZC88_R_ALT,Macrophage_ALT,THP1_IFNG_ALT,,,,,,,,,,THP1_Macrophage_ALT,0
IFNG_THP1mac_ZC88_R_ALT_Barcode_3,THP1_IFNG,Nucleofector,,Macrophage,IFNG_THP1mac_ZC88_R,Immune,THP1_Macrophage,0.0,1.0,0.0,0.0,0.0,3,3_ALT,ALT,IFNG_THP1mac_ZC88_R_ALT,Macrophage_ALT,THP1_IFNG_ALT,,,,,,,,,,THP1_Macrophage_ALT,0
IFNG_THP1mac_ZC88_R_ALT_Barcode_4,THP1_IFNG,Nucleofector,,Macrophage,IFNG_THP1mac_ZC88_R,Immune,THP1_Macrophage,0.0,1.0,0.0,0.0,0.0,4,4_ALT,ALT,IFNG_THP1mac_ZC88_R_ALT,Macrophage_ALT,THP1_IFNG_ALT,,,,,,,,,,THP1_Macrophage_ALT,0
IFNG_THP1mac_ZC88_R_ALT_Barcode_5,THP1_IFNG,Nucleofector,,Macrophage,IFNG_THP1mac_ZC88_R,Immune,THP1_Macrophage,0.0,1.0,0.0,0.0,0.0,5,5_ALT,ALT,IFNG_THP1mac_ZC88_R_ALT,Macrophage_ALT,THP1_IFNG_ALT,,,,,,,,,,THP1_Macrophage_ALT,0
IFNG_THP1mac_ZC88_R_REF_Barcode_1,THP1_IFNG,Nucleofector,,Macrophage,IFNG_THP1mac_ZC88_R,Immune,THP1_Macrophage,0.0,1.0,0.0,0.0,0.0,1,1_REF,REF,IFNG_THP1mac_ZC88_R_REF,Macrophage_REF,THP1_IFNG_REF,,,,,,,,,,THP1_Macrophage_REF,0
IFNG_THP1mac_ZC88_R_REF_Barcode_2,THP1_IFNG,Nucleofector,,Macrophage,IFNG_THP1mac_ZC88_R,Immune,THP1_Macrophage,0.0,1.0,0.0,0.0,0.0,2,2_REF,REF,IFNG_THP1mac_ZC88_R_REF,Macrophage_REF,THP1_IFNG_REF,,,,,,,,,,THP1_Macrophage_REF,0
IFNG_THP1mac_ZC88_R_REF_Barcode_3,THP1_IFNG,Nucleofector,,Macrophage,IFNG_THP1mac_ZC88_R,Immune,THP1_Macrophage,0.0,1.0,0.0,0.0,0.0,3,3_REF,REF,IFNG_THP1mac_ZC88_R_REF,Macrophage_REF,THP1_IFNG_REF,,,,,,,,,,THP1_Macrophage_REF,0
IFNG_THP1mac_ZC88_R_REF_Barcode_4,THP1_IFNG,Nucleofector,,Macrophage,IFNG_THP1mac_ZC88_R,Immune,THP1_Macrophage,0.0,1.0,0.0,0.0,0.0,4,4_REF,REF,IFNG_THP1mac_ZC88_R_REF,Macrophage_REF,THP1_IFNG_REF,,,,,,,,,,THP1_Macrophage_REF,0
IFNG_THP1mac_ZC88_R_REF_Barcode_5,THP1_IFNG,Nucleofector,,Macrophage,IFNG_THP1mac_ZC88_R,Immune,THP1_Macrophage,0.0,1.0,0.0,0.0,0.0,5,5_REF,REF,IFNG_THP1mac_ZC88_R_REF,Macrophage_REF,THP1_IFNG_REF,,,,,,,,,,THP1_Macrophage_REF,0
IFNG_THP1mac_ZC93_R_ALT_Barcode_1,THP1_IFNG,Nucleofector,,Macrophage,IFNG_THP1mac_ZC93_R,Immune,THP1_Macrophage,0.0,1.0,0.0,0.0,0.0,1,1_ALT,ALT,IFNG_THP1mac_ZC93_R_ALT,Macrophage_ALT,THP1_IFNG_ALT,,,,,,,,,,THP1_Macrophage_ALT,0
IFNG_THP1mac_ZC93_R_ALT_Barcode_2,THP1_IFNG,Nucleofector,,Macrophage,IFNG_THP1mac_ZC93_R,Immune,THP1_Macrophage,0.0,1.0,0.0,0.0,0.0,2,2_ALT,ALT,IFNG_THP1mac_ZC93_R_ALT,Macrophage_ALT,THP1_IFNG_ALT,,,,,,,,,,THP1_Macrophage_ALT,0
IFNG_THP1mac_ZC93_R_ALT_Barcode_3,THP1_IFNG,Nucleofector,,Macrophage,IFNG_THP1mac_ZC93_R,Immune,THP1_Macrophage,0.0,1.0,0.0,0.0,0.0,3,3_ALT,ALT,IFNG_THP1mac_ZC93_R_ALT,Macrophage_ALT,THP1_IFNG_ALT,,,,,,,,,,THP1_Macrophage_ALT,0
IFNG_THP1mac_ZC93_R_ALT_Barcode_4,THP1_IFNG,Nucleofector,,Macrophage,IFNG_THP1mac_ZC93_R,Immune,THP1_Macrophage,0.0,1.0,0.0,0.0,0.0,4,4_ALT,ALT,IFNG_THP1mac_ZC93_R_ALT,Macrophage_ALT,THP1_IFNG_ALT,,,,,,,,,,THP1_Macrophage_ALT,0
IFNG_THP1mac_ZC93_R_ALT_Barcode_5,THP1_IFNG,Nucleofector,,Macrophage,IFNG_THP1mac_ZC93_R,Immune,THP1_Macrophage,0.0,1.0,0.0,0.0,0.0,5,5_ALT,ALT,IFNG_THP1mac_ZC93_R_ALT,Macrophage_ALT,THP1_IFNG_ALT,,,,,,,,,,THP1_Macrophage_ALT,0
IFNG_THP1mac_ZC93_R_REF_Barcode_1,THP1_IFNG,Nucleofector,,Macrophage,IFNG_THP1mac_ZC93_R,Immune,THP1_Macrophage,0.0,1.0,0.0,0.0,0.0,1,1_REF,REF,IFNG_THP1mac_ZC93_R_REF,Macrophage_REF,THP1_IFNG_REF,,,,,,,,,,THP1_Macrophage_REF,0
IFNG_THP1mac_ZC93_R_REF_Barcode_2,THP1_IFNG,Nucleofector,,Macrophage,IFNG_THP1mac_ZC93_R,Immune,THP1_Macrophage,0.0,1.0,0.0,0.0,0.0,2,2_REF,REF,IFNG_THP1mac_ZC93_R_REF,Macrophage_REF,THP1_IFNG_REF,,,,,,,,,,THP1_Macrophage_REF,0
IFNG_THP1mac_ZC93_R_REF_Barcode_3,THP1_IFNG,Nucleofector,,Macrophage,IFNG_THP1mac_ZC93_R,Immune,THP1_Macrophage,0.0,1.0,0.0,0.0,0.0,3,3_REF,REF,IFNG_THP1mac_ZC93_R_REF,Macrophage_REF,THP1_IFNG_REF,,,,,,,,,,THP1_Macrophage_REF,0
IFNG_THP1mac_ZC93_R_REF_Barcode_4,THP1_IFNG,Nucleofector,,Macrophage,IFNG_THP1mac_ZC93_R,Immune,THP1_Macrophage,0.0,1.0,0.0,0.0,0.0,4,4_REF,REF,IFNG_THP1mac_ZC93_R_REF,Macrophage_REF,THP1_IFNG_REF,,,,,,,,,,THP1_Macrophage_REF,0
IFNG_THP1mac_ZC93_R_REF_Barcode_5,THP1_IFNG,Nucleofector,,Macrophage,IFNG_THP1mac_ZC93_R,Immune,THP1_Macrophage,0.0,1.0,0.0,0.0,0.0,5,5_REF,REF,IFNG_THP1mac_ZC93_R_REF,Macrophage_REF,THP1_IFNG_REF,,,,,,,,,,THP1_Macrophage_REF,0
LPSIFNG_THP1mac_ZC114_R_ALT_Barcode_1,THP1_LPSIFNG,Nucleofector,,Macrophage,LPSIFNG_THP1mac_ZC114_R,Immune,THP1_Macrophage,0.0,0.0,1.0,0.0,0.0,1,1_ALT,ALT,LPSIFNG_THP1mac_ZC114_R_ALT,Macrophage_ALT,THP1_LPSIFNG_ALT,,,,,,,,,,THP1_Macrophage_ALT,0
LPSIFNG_THP1mac_ZC114_R_ALT_Barcode_2,THP1_LPSIFNG,Nucleofector,,Macrophage,LPSIFNG_THP1mac_ZC114_R,Immune,THP1_Macrophage,0.0,0.0,1.0,0.0,0.0,2,2_ALT,ALT,LPSIFNG_THP1mac_ZC114_R_ALT,Macrophage_ALT,THP1_LPSIFNG_ALT,,,,,,,,,,THP1_Macrophage_ALT,0
LPSIFNG_THP1mac_ZC114_R_ALT_Barcode_3,THP1_LPSIFNG,Nucleofector,,Macrophage,LPSIFNG_THP1mac_ZC114_R,Immune,THP1_Macrophage,0.0,0.0,1.0,0.0,0.0,3,3_ALT,ALT,LPSIFNG_THP1mac_ZC114_R_ALT,Macrophage_ALT,THP1_LPSIFNG_ALT,,,,,,,,,,THP1_Macrophage_ALT,0
LPSIFNG_THP1mac_ZC114_R_ALT_Barcode_4,THP1_LPSIFNG,Nucleofector,,Macrophage,LPSIFNG_THP1mac_ZC114_R,Immune,THP1_Macrophage,0.0,0.0,1.0,0.0,0.0,4,4_ALT,ALT,LPSIFNG_THP1mac_ZC114_R_ALT,Macrophage_ALT,THP1_LPSIFNG_ALT,,,,,,,,,,THP1_Macrophage_ALT,0
LPSIFNG_THP1mac_ZC114_R_ALT_Barcode_5,THP1_LPSIFNG,Nucleofector,,Macrophage,LPSIFNG_THP1mac_ZC114_R,Immune,THP1_Macrophage,0.0,0.0,1.0,0.0,0.0,5,5_ALT,ALT,LPSIFNG_THP1mac_ZC114_R_ALT,Macrophage_ALT,THP1_LPSIFNG_ALT,,,,,,,,,,THP1_Macrophage_ALT,0
LPSIFNG_THP1mac_ZC114_R_REF_Barcode_1,THP1_LPSIFNG,Nucleofector,,Macrophage,LPSIFNG_THP1mac_ZC114_R,Immune,THP1_Macrophage,0.0,0.0,1.0,0.0,0.0,1,1_REF,REF,LPSIFNG_THP1mac_ZC114_R_REF,Macrophage_REF,THP1_LPSIFNG_REF,,,,,,,,,,THP1_Macrophage_REF,0
LPSIFNG_THP1mac_ZC114_R_REF_Barcode_2,THP1_LPSIFNG,Nucleofector,,Macrophage,LPSIFNG_THP1mac_ZC114_R,Immune,THP1_Macrophage,0.0,0.0,1.0,0.0,0.0,2,2_REF,REF,LPSIFNG_THP1mac_ZC114_R_REF,Macrophage_REF,THP1_LPSIFNG_REF,,,,,,,,,,THP1_Macrophage_REF,0
LPSIFNG_THP1mac_ZC114_R_REF_Barcode_3,THP1_LPSIFNG,Nucleofector,,Macrophage,LPSIFNG_THP1mac_ZC114_R,Immune,THP1_Macrophage,0.0,0.0,1.0,0.0,0.0,3,3_REF,REF,LPSIFNG_THP1mac_ZC114_R_REF,Macrophage_REF,THP1_LPSIFNG_REF,,,,,,,,,,THP1_Macrophage_REF,0
LPSIFNG_THP1mac_ZC114_R_REF_Barcode_4,THP1_LPSIFNG,Nucleofector,,Macrophage,LPSIFNG_THP1mac_ZC114_R,Immune,THP1_Macrophage,0.0,0.0,1.0,0.0,0.0,4,4_REF,REF,LPSIFNG_THP1mac_ZC114_R_REF,Macrophage_REF,THP1_LPSIFNG_REF,,,,,,,,,,THP1_Macrophage_REF,0
LPSIFNG_THP1mac_ZC114_R_REF_Barcode_5,THP1_LPSIFNG,Nucleofector,,Macrophage,LPSIFNG_THP1mac_ZC114_R,Immune,THP1_Macrophage,0.0,0.0,1.0,0.0,0.0,5,5_REF,REF,LPSIFNG_THP1mac_ZC114_R_REF,Macrophage_REF,THP1_LPSIFNG_REF,,,,,,,,,,THP1_Macrophage_REF,0
LPSIFNG_THP1mac_ZC115_R_ALT_Barcode_1,THP1_LPSIFNG,Nucleofector,,Macrophage,LPSIFNG_THP1mac_ZC115_R,Immune,THP1_Macrophage,0.0,0.0,1.0,0.0,0.0,1,1_ALT,ALT,LPSIFNG_THP1mac_ZC115_R_ALT,Macrophage_ALT,THP1_LPSIFNG_ALT,,,,,,,,,,THP1_Macrophage_ALT,0
LPSIFNG_THP1mac_ZC115_R_ALT_Barcode_2,THP1_LPSIFNG,Nucleofector,,Macrophage,LPSIFNG_THP1mac_ZC115_R,Immune,THP1_Macrophage,0.0,0.0,1.0,0.0,0.0,2,2_ALT,ALT,LPSIFNG_THP1mac_ZC115_R_ALT,Macrophage_ALT,THP1_LPSIFNG_ALT,,,,,,,,,,THP1_Macrophage_ALT,0
LPSIFNG_THP1mac_ZC115_R_ALT_Barcode_3,THP1_LPSIFNG,Nucleofector,,Macrophage,LPSIFNG_THP1mac_ZC115_R,Immune,THP1_Macrophage,0.0,0.0,1.0,0.0,0.0,3,3_ALT,ALT,LPSIFNG_THP1mac_ZC115_R_ALT,Macrophage_ALT,THP1_LPSIFNG_ALT,,,,,,,,,,THP1_Macrophage_ALT,0
LPSIFNG_THP1mac_ZC115_R_ALT_Barcode_4,THP1_LPSIFNG,Nucleofector,,Macrophage,LPSIFNG_THP1mac_ZC115_R,Immune,THP1_Macrophage,0.0,0.0,1.0,0.0,0.0,4,4_ALT,ALT,LPSIFNG_THP1mac_ZC115_R_ALT,Macrophage_ALT,THP1_LPSIFNG_ALT,,,,,,,,,,THP1_Macrophage_ALT,0
LPSIFNG_THP1mac_ZC115_R_ALT_Barcode_5,THP1_LPSIFNG,Nucleofector,,Macrophage,LPSIFNG_THP1mac_ZC115_R,Immune,THP1_Macrophage,0.0,0.0,1.0,0.0,0.0,5,5_ALT,ALT,LPSIFNG_THP1mac_ZC115_R_ALT,Macrophage_ALT,THP1_LPSIFNG_ALT,,,,,,,,,,THP1_Macrophage_ALT,0
LPSIFNG_THP1mac_ZC115_R_REF_Barcode_1,THP1_LPSIFNG,Nucleofector,,Macrophage,LPSIFNG_THP1mac_ZC115_R,Immune,THP1_Macrophage,0.0,0.0,1.0,0.0,0.0,1,1_REF,REF,LPSIFNG_THP1mac_ZC115_R_REF,Macrophage_REF,THP1_LPSIFNG_REF,,,,,,,,,,THP1_Macrophage_REF,0
LPSIFNG_THP1mac_ZC115_R_REF_Barcode_2,THP1_LPSIFNG,Nucleofector,,Macrophage,LPSIFNG_THP1mac_ZC115_R,Immune,THP1_Macrophage,0.0,0.0,1.0,0.0,0.0,2,2_REF,REF,LPSIFNG_THP1mac_ZC115_R_REF,Macrophage_REF,THP1_LPSIFNG_REF,,,,,,,,,,THP1_Macrophage_REF,0
LPSIFNG_THP1mac_ZC115_R_REF_Barcode_3,THP1_LPSIFNG,Nucleofector,,Macrophage,LPSIFNG_THP1mac_ZC115_R,Immune,THP1_Macrophage,0.0,0.0,1.0,0.0,0.0,3,3_REF,REF,LPSIFNG_THP1mac_ZC115_R_REF,Macrophage_REF,THP1_LPSIFNG_REF,,,,,,,,,,THP1_Macrophage_REF,0
LPSIFNG_THP1mac_ZC115_R_REF_Barcode_4,THP1_LPSIFNG,Nucleofector,,Macrophage,LPSIFNG_THP1mac_ZC115_R,Immune,THP1_Macrophage,0.0,0.0,1.0,0.0,0.0,4,4_REF,REF,LPSIFNG_THP1mac_ZC115_R_REF,Macrophage_REF,THP1_LPSIFNG_REF,,,,,,,,,,THP1_Macrophage_REF,0
LPSIFNG_THP1mac_ZC115_R_REF_Barcode_5,THP1_LPSIFNG,Nucleofector,,Macrophage,LPSIFNG_THP1mac_ZC115_R,Immune,THP1_Macrophage,0.0,0.0,1.0,0.0,0.0,5,5_REF,REF,LPSIFNG_THP1mac_ZC115_R_REF,Macrophage_REF,THP1_LPSIFNG_REF,,,,,,,,,,THP1_Macrophage_REF,0
LPSIFNG_THP1mac_ZC125_R_ALT_Barcode_1,THP1_LPSIFNG,Nucleofector,,Macrophage,LPSIFNG_THP1mac_ZC125_R,Immune,THP1_Macrophage,0.0,0.0,1.0,0.0,0.0,1,1_ALT,ALT,LPSIFNG_THP1mac_ZC125_R_ALT,Macrophage_ALT,THP1_LPSIFNG_ALT,,,,,,,,,,THP1_Macrophage_ALT,0
LPSIFNG_THP1mac_ZC125_R_ALT_Barcode_2,THP1_LPSIFNG,Nucleofector,,Macrophage,LPSIFNG_THP1mac_ZC125_R,Immune,THP1_Macrophage,0.0,0.0,1.0,0.0,0.0,2,2_ALT,ALT,LPSIFNG_THP1mac_ZC125_R_ALT,Macrophage_ALT,THP1_LPSIFNG_ALT,,,,,,,,,,THP1_Macrophage_ALT,0
LPSIFNG_THP1mac_ZC125_R_ALT_Barcode_3,THP1_LPSIFNG,Nucleofector,,Macrophage,LPSIFNG_THP1mac_ZC125_R,Immune,THP1_Macrophage,0.0,0.0,1.0,0.0,0.0,3,3_ALT,ALT,LPSIFNG_THP1mac_ZC125_R_ALT,Macrophage_ALT,THP1_LPSIFNG_ALT,,,,,,,,,,THP1_Macrophage_ALT,0
LPSIFNG_THP1mac_ZC125_R_ALT_Barcode_4,THP1_LPSIFNG,Nucleofector,,Macrophage,LPSIFNG_THP1mac_ZC125_R,Immune,THP1_Macrophage,0.0,0.0,1.0,0.0,0.0,4,4_ALT,ALT,LPSIFNG_THP1mac_ZC125_R_ALT,Macrophage_ALT,THP1_LPSIFNG_ALT,,,,,,,,,,THP1_Macrophage_ALT,0
LPSIFNG_THP1mac_ZC125_R_ALT_Barcode_5,THP1_LPSIFNG,Nucleofector,,Macrophage,LPSIFNG_THP1mac_ZC125_R,Immune,THP1_Macrophage,0.0,0.0,1.0,0.0,0.0,5,5_ALT,ALT,LPSIFNG_THP1mac_ZC125_R_ALT,Macrophage_ALT,THP1_LPSIFNG_ALT,,,,,,,,,,THP1_Macrophage_ALT,0
LPSIFNG_THP1mac_ZC125_R_REF_Barcode_1,THP1_LPSIFNG,Nucleofector,,Macrophage,LPSIFNG_THP1mac_ZC125_R,Immune,THP1_Macrophage,0.0,0.0,1.0,0.0,0.0,1,1_REF,REF,LPSIFNG_THP1mac_ZC125_R_REF,Macrophage_REF,THP1_LPSIFNG_REF,,,,,,,,,,THP1_Macrophage_REF,0
LPSIFNG_THP1mac_ZC125_R_REF_Barcode_2,THP1_LPSIFNG,Nucleofector,,Macrophage,LPSIFNG_THP1mac_ZC125_R,Immune,THP1_Macrophage,0.0,0.0,1.0,0.0,0.0,2,2_REF,REF,LPSIFNG_THP1mac_ZC125_R_REF,Macrophage_REF,THP1_LPSIFNG_REF,,,,,,,,,,THP1_Macrophage_REF,0
LPSIFNG_THP1mac_ZC125_R_REF_Barcode_3,THP1_LPSIFNG,Nucleofector,,Macrophage,LPSIFNG_THP1mac_ZC125_R,Immune,THP1_Macrophage,0.0,0.0,1.0,0.0,0.0,3,3_REF,REF,LPSIFNG_THP1mac_ZC125_R_REF,Macrophage_REF,THP1_LPSIFNG_REF,,,,,,,,,,THP1_Macrophage_REF,0
LPSIFNG_THP1mac_ZC125_R_REF_Barcode_4,THP1_LPSIFNG,Nucleofector,,Macrophage,LPSIFNG_THP1mac_ZC125_R,Immune,THP1_Macrophage,0.0,0.0,1.0,0.0,0.0,4,4_REF,REF,LPSIFNG_THP1mac_ZC125_R_REF,Macrophage_REF,THP1_LPSIFNG_REF,,,,,,,,,,THP1_Macrophage_REF,0
LPSIFNG_THP1mac_ZC125_R_REF_Barcode_5,THP1_LPSIFNG,Nucleofector,,Macrophage,LPSIFNG_THP1mac_ZC125_R,Immune,THP1_Macrophage,0.0,0.0,1.0,0.0,0.0,5,5_REF,REF,LPSIFNG_THP1mac_ZC125_R_REF,Macrophage_REF,THP1_LPSIFNG_REF,,,,,,,,,,THP1_Macrophage_REF,0
LPSIFNG_THP1mac_ZC89_R_ALT_Barcode_1,THP1_LPSIFNG,Nucleofector,,Macrophage,LPSIFNG_THP1mac_ZC89_R,Immune,THP1_Macrophage,0.0,0.0,1.0,0.0,0.0,1,1_ALT,ALT,LPSIFNG_THP1mac_ZC89_R_ALT,Macrophage_ALT,THP1_LPSIFNG_ALT,,,,,,,,,,THP1_Macrophage_ALT,0
LPSIFNG_THP1mac_ZC89_R_ALT_Barcode_2,THP1_LPSIFNG,Nucleofector,,Macrophage,LPSIFNG_THP1mac_ZC89_R,Immune,THP1_Macrophage,0.0,0.0,1.0,0.0,0.0,2,2_ALT,ALT,LPSIFNG_THP1mac_ZC89_R_ALT,Macrophage_ALT,THP1_LPSIFNG_ALT,,,,,,,,,,THP1_Macrophage_ALT,0
LPSIFNG_THP1mac_ZC89_R_ALT_Barcode_3,THP1_LPSIFNG,Nucleofector,,Macrophage,LPSIFNG_THP1mac_ZC89_R,Immune,THP1_Macrophage,0.0,0.0,1.0,0.0,0.0,3,3_ALT,ALT,LPSIFNG_THP1mac_ZC89_R_ALT,Macrophage_ALT,THP1_LPSIFNG_ALT,,,,,,,,,,THP1_Macrophage_ALT,0
LPSIFNG_THP1mac_ZC89_R_ALT_Barcode_4,THP1_LPSIFNG,Nucleofector,,Macrophage,LPSIFNG_THP1mac_ZC89_R,Immune,THP1_Macrophage,0.0,0.0,1.0,0.0,0.0,4,4_ALT,ALT,LPSIFNG_THP1mac_ZC89_R_ALT,Macrophage_ALT,THP1_LPSIFNG_ALT,,,,,,,,,,THP1_Macrophage_ALT,0
LPSIFNG_THP1mac_ZC89_R_ALT_Barcode_5,THP1_LPSIFNG,Nucleofector,,Macrophage,LPSIFNG_THP1mac_ZC89_R,Immune,THP1_Macrophage,0.0,0.0,1.0,0.0,0.0,5,5_ALT,ALT,LPSIFNG_THP1mac_ZC89_R_ALT,Macrophage_ALT,THP1_LPSIFNG_ALT,,,,,,,,,,THP1_Macrophage_ALT,0
LPSIFNG_THP1mac_ZC89_R_REF_Barcode_1,THP1_LPSIFNG,Nucleofector,,Macrophage,LPSIFNG_THP1mac_ZC89_R,Immune,THP1_Macrophage,0.0,0.0,1.0,0.0,0.0,1,1_REF,REF,LPSIFNG_THP1mac_ZC89_R_REF,Macrophage_REF,THP1_LPSIFNG_REF,,,,,,,,,,THP1_Macrophage_REF,0
LPSIFNG_THP1mac_ZC89_R_REF_Barcode_2,THP1_LPSIFNG,Nucleofector,,Macrophage,LPSIFNG_THP1mac_ZC89_R,Immune,THP1_Macrophage,0.0,0.0,1.0,0.0,0.0,2,2_REF,REF,LPSIFNG_THP1mac_ZC89_R_REF,Macrophage_REF,THP1_LPSIFNG_REF,,,,,,,,,,THP1_Macrophage_REF,0
LPSIFNG_THP1mac_ZC89_R_REF_Barcode_3,THP1_LPSIFNG,Nucleofector,,Macrophage,LPSIFNG_THP1mac_ZC89_R,Immune,THP1_Macrophage,0.0,0.0,1.0,0.0,0.0,3,3_REF,REF,LPSIFNG_THP1mac_ZC89_R_REF,Macrophage_REF,THP1_LPSIFNG_REF,,,,,,,,,,THP1_Macrophage_REF,0
LPSIFNG_THP1mac_ZC89_R_REF_Barcode_4,THP1_LPSIFNG,Nucleofector,,Macrophage,LPSIFNG_THP1mac_ZC89_R,Immune,THP1_Macrophage,0.0,0.0,1.0,0.0,0.0,4,4_REF,REF,LPSIFNG_THP1mac_ZC89_R_REF,Macrophage_REF,THP1_LPSIFNG_REF,,,,,,,,,,THP1_Macrophage_REF,0
LPSIFNG_THP1mac_ZC89_R_REF_Barcode_5,THP1_LPSIFNG,Nucleofector,,Macrophage,LPSIFNG_THP1mac_ZC89_R,Immune,THP1_Macrophage,0.0,0.0,1.0,0.0,0.0,5,5_REF,REF,LPSIFNG_THP1mac_ZC89_R_REF,Macrophage_REF,THP1_LPSIFNG_REF,,,,,,,,,,THP1_Macrophage_REF,0
LPSIFNG_THP1mac_ZC94_R_ALT_Barcode_1,THP1_LPSIFNG,Nucleofector,,Macrophage,LPSIFNG_THP1mac_ZC94_R,Immune,THP1_Macrophage,0.0,0.0,1.0,0.0,0.0,1,1_ALT,ALT,LPSIFNG_THP1mac_ZC94_R_ALT,Macrophage_ALT,THP1_LPSIFNG_ALT,,,,,,,,,,THP1_Macrophage_ALT,0
LPSIFNG_THP1mac_ZC94_R_ALT_Barcode_2,THP1_LPSIFNG,Nucleofector,,Macrophage,LPSIFNG_THP1mac_ZC94_R,Immune,THP1_Macrophage,0.0,0.0,1.0,0.0,0.0,2,2_ALT,ALT,LPSIFNG_THP1mac_ZC94_R_ALT,Macrophage_ALT,THP1_LPSIFNG_ALT,,,,,,,,,,THP1_Macrophage_ALT,0
LPSIFNG_THP1mac_ZC94_R_ALT_Barcode_3,THP1_LPSIFNG,Nucleofector,,Macrophage,LPSIFNG_THP1mac_ZC94_R,Immune,THP1_Macrophage,0.0,0.0,1.0,0.0,0.0,3,3_ALT,ALT,LPSIFNG_THP1mac_ZC94_R_ALT,Macrophage_ALT,THP1_LPSIFNG_ALT,,,,,,,,,,THP1_Macrophage_ALT,0
LPSIFNG_THP1mac_ZC94_R_ALT_Barcode_4,THP1_LPSIFNG,Nucleofector,,Macrophage,LPSIFNG_THP1mac_ZC94_R,Immune,THP1_Macrophage,0.0,0.0,1.0,0.0,0.0,4,4_ALT,ALT,LPSIFNG_THP1mac_ZC94_R_ALT,Macrophage_ALT,THP1_LPSIFNG_ALT,,,,,,,,,,THP1_Macrophage_ALT,0
LPSIFNG_THP1mac_ZC94_R_ALT_Barcode_5,THP1_LPSIFNG,Nucleofector,,Macrophage,LPSIFNG_THP1mac_ZC94_R,Immune,THP1_Macrophage,0.0,0.0,1.0,0.0,0.0,5,5_ALT,ALT,LPSIFNG_THP1mac_ZC94_R_ALT,Macrophage_ALT,THP1_LPSIFNG_ALT,,,,,,,,,,THP1_Macrophage_ALT,0
LPSIFNG_THP1mac_ZC94_R_REF_Barcode_1,THP1_LPSIFNG,Nucleofector,,Macrophage,LPSIFNG_THP1mac_ZC94_R,Immune,THP1_Macrophage,0.0,0.0,1.0,0.0,0.0,1,1_REF,REF,LPSIFNG_THP1mac_ZC94_R_REF,Macrophage_REF,THP1_LPSIFNG_REF,,,,,,,,,,THP1_Macrophage_REF,0
LPSIFNG_THP1mac_ZC94_R_REF_Barcode_2,THP1_LPSIFNG,Nucleofector,,Macrophage,LPSIFNG_THP1mac_ZC94_R,Immune,THP1_Macrophage,0.0,0.0,1.0,0.0,0.0,2,2_REF,REF,LPSIFNG_THP1mac_ZC94_R_REF,Macrophage_REF,THP1_LPSIFNG_REF,,,,,,,,,,THP1_Macrophage_REF,0
LPSIFNG_THP1mac_ZC94_R_REF_Barcode_3,THP1_LPSIFNG,Nucleofector,,Macrophage,LPSIFNG_THP1mac_ZC94_R,Immune,THP1_Macrophage,0.0,0.0,1.0,0.0,0.0,3,3_REF,REF,LPSIFNG_THP1mac_ZC94_R_REF,Macrophage_REF,THP1_LPSIFNG_REF,,,,,,,,,,THP1_Macrophage_REF,0
LPSIFNG_THP1mac_ZC94_R_REF_Barcode_4,THP1_LPSIFNG,Nucleofector,,Macrophage,LPSIFNG_THP1mac_ZC94_R,Immune,THP1_Macrophage,0.0,0.0,1.0,0.0,0.0,4,4_REF,REF,LPSIFNG_THP1mac_ZC94_R_REF,Macrophage_REF,THP1_LPSIFNG_REF,,,,,,,,,,THP1_Macrophage_REF,0
LPSIFNG_THP1mac_ZC94_R_REF_Barcode_5,THP1_LPSIFNG,Nucleofector,,Macrophage,LPSIFNG_THP1mac_ZC94_R,Immune,THP1_Macrophage,0.0,0.0,1.0,0.0,0.0,5,5_REF,REF,LPSIFNG_THP1mac_ZC94_R_REF,Macrophage_REF,THP1_LPSIFNG_REF,,,,,,,,,,THP1_Macrophage_REF,0
Naive_THP1mac_ZC55_R_ALT_Barcode_1,THP1_Naive,Nucleofector,,Macrophage,Naive_THP1mac_ZC55_R,Immune,THP1_Macrophage,0.0,0.0,0.0,1.0,0.0,1,1_ALT,ALT,Naive_THP1mac_ZC55_R_ALT,Macrophage_ALT,THP1_Naive_ALT,,,,,,,,,,THP1_Macrophage_ALT,0
Naive_THP1mac_ZC55_R_ALT_Barcode_2,THP1_Naive,Nucleofector,,Macrophage,Naive_THP1mac_ZC55_R,Immune,THP1_Macrophage,0.0,0.0,0.0,1.0,0.0,2,2_ALT,ALT,Naive_THP1mac_ZC55_R_ALT,Macrophage_ALT,THP1_Naive_ALT,,,,,,,,,,THP1_Macrophage_ALT,0
Naive_THP1mac_ZC55_R_ALT_Barcode_3,THP1_Naive,Nucleofector,,Macrophage,Naive_THP1mac_ZC55_R,Immune,THP1_Macrophage,0.0,0.0,0.0,1.0,0.0,3,3_ALT,ALT,Naive_THP1mac_ZC55_R_ALT,Macrophage_ALT,THP1_Naive_ALT,,,,,,,,,,THP1_Macrophage_ALT,0
Naive_THP1mac_ZC55_R_ALT_Barcode_4,THP1_Naive,Nucleofector,,Macrophage,Naive_THP1mac_ZC55_R,Immune,THP1_Macrophage,0.0,0.0,0.0,1.0,0.0,4,4_ALT,ALT,Naive_THP1mac_ZC55_R_ALT,Macrophage_ALT,THP1_Naive_ALT,,,,,,,,,,THP1_Macrophage_ALT,0
Naive_THP1mac_ZC55_R_ALT_Barcode_5,THP1_Naive,Nucleofector,,Macrophage,Naive_THP1mac_ZC55_R,Immune,THP1_Macrophage,0.0,0.0,0.0,1.0,0.0,5,5_ALT,ALT,Naive_THP1mac_ZC55_R_ALT,Macrophage_ALT,THP1_Naive_ALT,,,,,,,,,,THP1_Macrophage_ALT,0
Naive_THP1mac_ZC55_R_REF_Barcode_1,THP1_Naive,Nucleofector,,Macrophage,Naive_THP1mac_ZC55_R,Immune,THP1_Macrophage,0.0,0.0,0.0,1.0,0.0,1,1_REF,REF,Naive_THP1mac_ZC55_R_REF,Macrophage_REF,THP1_Naive_REF,,,,,,,,,,THP1_Macrophage_REF,0
Naive_THP1mac_ZC55_R_REF_Barcode_2,THP1_Naive,Nucleofector,,Macrophage,Naive_THP1mac_ZC55_R,Immune,THP1_Macrophage,0.0,0.0,0.0,1.0,0.0,2,2_REF,REF,Naive_THP1mac_ZC55_R_REF,Macrophage_REF,THP1_Naive_REF,,,,,,,,,,THP1_Macrophage_REF,0
Naive_THP1mac_ZC55_R_REF_Barcode_3,THP1_Naive,Nucleofector,,Macrophage,Naive_THP1mac_ZC55_R,Immune,THP1_Macrophage,0.0,0.0,0.0,1.0,0.0,3,3_REF,REF,Naive_THP1mac_ZC55_R_REF,Macrophage_REF,THP1_Naive_REF,,,,,,,,,,THP1_Macrophage_REF,0
Naive_THP1mac_ZC55_R_REF_Barcode_4,THP1_Naive,Nucleofector,,Macrophage,Naive_THP1mac_ZC55_R,Immune,THP1_Macrophage,0.0,0.0,0.0,1.0,0.0,4,4_REF,REF,Naive_THP1mac_ZC55_R_REF,Macrophage_REF,THP1_Naive_REF,,,,,,,,,,THP1_Macrophage_REF,0
Naive_THP1mac_ZC55_R_REF_Barcode_5,THP1_Naive,Nucleofector,,Macrophage,Naive_THP1mac_ZC55_R,Immune,THP1_Macrophage,0.0,0.0,0.0,1.0,0.0,5,5_REF,REF,Naive_THP1mac_ZC55_R_REF,Macrophage_REF,THP1_Naive_REF,,,,,,,,,,THP1_Macrophage_REF,0
Naive_THP1mac_ZC56_R_ALT_Barcode_1,THP1_Naive,Nucleofector,,Macrophage,Naive_THP1mac_ZC56_R,Immune,THP1_Macrophage,0.0,0.0,0.0,1.0,0.0,1,1_ALT,ALT,Naive_THP1mac_ZC56_R_ALT,Macrophage_ALT,THP1_Naive_ALT,,,,,,,,,,THP1_Macrophage_ALT,0
Naive_THP1mac_ZC56_R_ALT_Barcode_2,THP1_Naive,Nucleofector,,Macrophage,Naive_THP1mac_ZC56_R,Immune,THP1_Macrophage,0.0,0.0,0.0,1.0,0.0,2,2_ALT,ALT,Naive_THP1mac_ZC56_R_ALT,Macrophage_ALT,THP1_Naive_ALT,,,,,,,,,,THP1_Macrophage_ALT,0
Naive_THP1mac_ZC56_R_ALT_Barcode_3,THP1_Naive,Nucleofector,,Macrophage,Naive_THP1mac_ZC56_R,Immune,THP1_Macrophage,0.0,0.0,0.0,1.0,0.0,3,3_ALT,ALT,Naive_THP1mac_ZC56_R_ALT,Macrophage_ALT,THP1_Naive_ALT,,,,,,,,,,THP1_Macrophage_ALT,0
Naive_THP1mac_ZC56_R_ALT_Barcode_4,THP1_Naive,Nucleofector,,Macrophage,Naive_THP1mac_ZC56_R,Immune,THP1_Macrophage,0.0,0.0,0.0,1.0,0.0,4,4_ALT,ALT,Naive_THP1mac_ZC56_R_ALT,Macrophage_ALT,THP1_Naive_ALT,,,,,,,,,,THP1_Macrophage_ALT,0
Naive_THP1mac_ZC56_R_ALT_Barcode_5,THP1_Naive,Nucleofector,,Macrophage,Naive_THP1mac_ZC56_R,Immune,THP1_Macrophage,0.0,0.0,0.0,1.0,0.0,5,5_ALT,ALT,Naive_THP1mac_ZC56_R_ALT,Macrophage_ALT,THP1_Naive_ALT,,,,,,,,,,THP1_Macrophage_ALT,0
Naive_THP1mac_ZC56_R_REF_Barcode_1,THP1_Naive,Nucleofector,,Macrophage,Naive_THP1mac_ZC56_R,Immune,THP1_Macrophage,0.0,0.0,0.0,1.0,0.0,1,1_REF,REF,Naive_THP1mac_ZC56_R_REF,Macrophage_REF,THP1_Naive_REF,,,,,,,,,,THP1_Macrophage_REF,0
Naive_THP1mac_ZC56_R_REF_Barcode_2,THP1_Naive,Nucleofector,,Macrophage,Naive_THP1mac_ZC56_R,Immune,THP1_Macrophage,0.0,0.0,0.0,1.0,0.0,2,2_REF,REF,Naive_THP1mac_ZC56_R_REF,Macrophage_REF,THP1_Naive_REF,,,,,,,,,,THP1_Macrophage_REF,0
Naive_THP1mac_ZC56_R_REF_Barcode_3,THP1_Naive,Nucleofector,,Macrophage,Naive_THP1mac_ZC56_R,Immune,THP1_Macrophage,0.0,0.0,0.0,1.0,0.0,3,3_REF,REF,Naive_THP1mac_ZC56_R_REF,Macrophage_REF,THP1_Naive_REF,,,,,,,,,,THP1_Macrophage_REF,0
Naive_THP1mac_ZC56_R_REF_Barcode_4,THP1_Naive,Nucleofector,,Macrophage,Naive_THP1mac_ZC56_R,Immune,THP1_Macrophage,0.0,0.0,0.0,1.0,0.0,4,4_REF,REF,Naive_THP1mac_ZC56_R_REF,Macrophage_REF,THP1_Naive_REF,,,,,,,,,,THP1_Macrophage_REF,0
Naive_THP1mac_ZC56_R_REF_Barcode_5,THP1_Naive,Nucleofector,,Macrophage,Naive_THP1mac_ZC56_R,Immune,THP1_Macrophage,0.0,0.0,0.0,1.0,0.0,5,5_REF,REF,Naive_THP1mac_ZC56_R_REF,Macrophage_REF,THP1_Naive_REF,,,,,,,,,,THP1_Macrophage_REF,0
Naive_THP1mac_ZC57_R_ALT_Barcode_1,THP1_Naive,Nucleofector,,Macrophage,Naive_THP1mac_ZC57_R,Immune,THP1_Macrophage,0.0,0.0,0.0,1.0,0.0,1,1_ALT,ALT,Naive_THP1mac_ZC57_R_ALT,Macrophage_ALT,THP1_Naive_ALT,,,,,,,,,,THP1_Macrophage_ALT,0
Naive_THP1mac_ZC57_R_ALT_Barcode_2,THP1_Naive,Nucleofector,,Macrophage,Naive_THP1mac_ZC57_R,Immune,THP1_Macrophage,0.0,0.0,0.0,1.0,0.0,2,2_ALT,ALT,Naive_THP1mac_ZC57_R_ALT,Macrophage_ALT,THP1_Naive_ALT,,,,,,,,,,THP1_Macrophage_ALT,0
Naive_THP1mac_ZC57_R_ALT_Barcode_3,THP1_Naive,Nucleofector,,Macrophage,Naive_THP1mac_ZC57_R,Immune,THP1_Macrophage,0.0,0.0,0.0,1.0,0.0,3,3_ALT,ALT,Naive_THP1mac_ZC57_R_ALT,Macrophage_ALT,THP1_Naive_ALT,,,,,,,,,,THP1_Macrophage_ALT,0
Naive_THP1mac_ZC57_R_ALT_Barcode_4,THP1_Naive,Nucleofector,,Macrophage,Naive_THP1mac_ZC57_R,Immune,THP1_Macrophage,0.0,0.0,0.0,1.0,0.0,4,4_ALT,ALT,Naive_THP1mac_ZC57_R_ALT,Macrophage_ALT,THP1_Naive_ALT,,,,,,,,,,THP1_Macrophage_ALT,0
Naive_THP1mac_ZC57_R_ALT_Barcode_5,THP1_Naive,Nucleofector,,Macrophage,Naive_THP1mac_ZC57_R,Immune,THP1_Macrophage,0.0,0.0,0.0,1.0,0.0,5,5_ALT,ALT,Naive_THP1mac_ZC57_R_ALT,Macrophage_ALT,THP1_Naive_ALT,,,,,,,,,,THP1_Macrophage_ALT,0
Naive_THP1mac_ZC57_R_REF_Barcode_1,THP1_Naive,Nucleofector,,Macrophage,Naive_THP1mac_ZC57_R,Immune,THP1_Macrophage,0.0,0.0,0.0,1.0,0.0,1,1_REF,REF,Naive_THP1mac_ZC57_R_REF,Macrophage_REF,THP1_Naive_REF,,,,,,,,,,THP1_Macrophage_REF,0
Naive_THP1mac_ZC57_R_REF_Barcode_2,THP1_Naive,Nucleofector,,Macrophage,Naive_THP1mac_ZC57_R,Immune,THP1_Macrophage,0.0,0.0,0.0,1.0,0.0,2,2_REF,REF,Naive_THP1mac_ZC57_R_REF,Macrophage_REF,THP1_Naive_REF,,,,,,,,,,THP1_Macrophage_REF,0
Naive_THP1mac_ZC57_R_REF_Barcode_3,THP1_Naive,Nucleofector,,Macrophage,Naive_THP1mac_ZC57_R,Immune,THP1_Macrophage,0.0,0.0,0.0,1.0,0.0,3,3_REF,REF,Naive_THP1mac_ZC57_R_REF,Macrophage_REF,THP1_Naive_REF,,,,,,,,,,THP1_Macrophage_REF,0
Naive_THP1mac_ZC57_R_REF_Barcode_4,THP1_Naive,Nucleofector,,Macrophage,Naive_THP1mac_ZC57_R,Immune,THP1_Macrophage,0.0,0.0,0.0,1.0,0.0,4,4_REF,REF,Naive_THP1mac_ZC57_R_REF,Macrophage_REF,THP1_Naive_REF,,,,,,,,,,THP1_Macrophage_REF,0
Naive_THP1mac_ZC57_R_REF_Barcode_5,THP1_Naive,Nucleofector,,Macrophage,Naive_THP1mac_ZC57_R,Immune,THP1_Macrophage,0.0,0.0,0.0,1.0,0.0,5,5_REF,REF,Naive_THP1mac_ZC57_R_REF,Macrophage_REF,THP1_Naive_REF,,,,,,,,,,THP1_Macrophage_REF,0
Naive_THP1mac_ZC61_R_ALT_Barcode_1,THP1_Naive,Nucleofector,,Macrophage,Naive_THP1mac_ZC61_R,Immune,THP1_Macrophage,0.0,0.0,0.0,1.0,0.0,1,1_ALT,ALT,Naive_THP1mac_ZC61_R_ALT,Macrophage_ALT,THP1_Naive_ALT,,,,,,,,,,THP1_Macrophage_ALT,0
Naive_THP1mac_ZC61_R_ALT_Barcode_2,THP1_Naive,Nucleofector,,Macrophage,Naive_THP1mac_ZC61_R,Immune,THP1_Macrophage,0.0,0.0,0.0,1.0,0.0,2,2_ALT,ALT,Naive_THP1mac_ZC61_R_ALT,Macrophage_ALT,THP1_Naive_ALT,,,,,,,,,,THP1_Macrophage_ALT,0
Naive_THP1mac_ZC61_R_ALT_Barcode_3,THP1_Naive,Nucleofector,,Macrophage,Naive_THP1mac_ZC61_R,Immune,THP1_Macrophage,0.0,0.0,0.0,1.0,0.0,3,3_ALT,ALT,Naive_THP1mac_ZC61_R_ALT,Macrophage_ALT,THP1_Naive_ALT,,,,,,,,,,THP1_Macrophage_ALT,0
Naive_THP1mac_ZC61_R_ALT_Barcode_4,THP1_Naive,Nucleofector,,Macrophage,Naive_THP1mac_ZC61_R,Immune,THP1_Macrophage,0.0,0.0,0.0,1.0,0.0,4,4_ALT,ALT,Naive_THP1mac_ZC61_R_ALT,Macrophage_ALT,THP1_Naive_ALT,,,,,,,,,,THP1_Macrophage_ALT,0
Naive_THP1mac_ZC61_R_ALT_Barcode_5,THP1_Naive,Nucleofector,,Macrophage,Naive_THP1mac_ZC61_R,Immune,THP1_Macrophage,0.0,0.0,0.0,1.0,0.0,5,5_ALT,ALT,Naive_THP1mac_ZC61_R_ALT,Macrophage_ALT,THP1_Naive_ALT,,,,,,,,,,THP1_Macrophage_ALT,0
Naive_THP1mac_ZC61_R_REF_Barcode_1,THP1_Naive,Nucleofector,,Macrophage,Naive_THP1mac_ZC61_R,Immune,THP1_Macrophage,0.0,0.0,0.0,1.0,0.0,1,1_REF,REF,Naive_THP1mac_ZC61_R_REF,Macrophage_REF,THP1_Naive_REF,,,,,,,,,,THP1_Macrophage_REF,0
Naive_THP1mac_ZC61_R_REF_Barcode_2,THP1_Naive,Nucleofector,,Macrophage,Naive_THP1mac_ZC61_R,Immune,THP1_Macrophage,0.0,0.0,0.0,1.0,0.0,2,2_REF,REF,Naive_THP1mac_ZC61_R_REF,Macrophage_REF,THP1_Naive_REF,,,,,,,,,,THP1_Macrophage_REF,0
Naive_THP1mac_ZC61_R_REF_Barcode_3,THP1_Naive,Nucleofector,,Macrophage,Naive_THP1mac_ZC61_R,Immune,THP1_Macrophage,0.0,0.0,0.0,1.0,0.0,3,3_REF,REF,Naive_THP1mac_ZC61_R_REF,Macrophage_REF,THP1_Naive_REF,,,,,,,,,,THP1_Macrophage_REF,0
Naive_THP1mac_ZC61_R_REF_Barcode_4,THP1_Naive,Nucleofector,,Macrophage,Naive_THP1mac_ZC61_R,Immune,THP1_Macrophage,0.0,0.0,0.0,1.0,0.0,4,4_REF,REF,Naive_THP1mac_ZC61_R_REF,Macrophage_REF,THP1_Naive_REF,,,,,,,,,,THP1_Macrophage_REF,0
Naive_THP1mac_ZC61_R_REF_Barcode_5,THP1_Naive,Nucleofector,,Macrophage,Naive_THP1mac_ZC61_R,Immune,THP1_Macrophage,0.0,0.0,0.0,1.0,0.0,5,5_REF,REF,Naive_THP1mac_ZC61_R_REF,Macrophage_REF,THP1_Naive_REF,,,,,,,,,,THP1_Macrophage_REF,0
Naive_THP1mac_ZC82_R_ALT_Barcode_1,THP1_Naive,Nucleofector,,Macrophage,Naive_THP1mac_ZC82_R,Immune,THP1_Macrophage,0.0,0.0,0.0,1.0,0.0,1,1_ALT,ALT,Naive_THP1mac_ZC82_R_ALT,Macrophage_ALT,THP1_Naive_ALT,,,,,,,,,,THP1_Macrophage_ALT,0
Naive_THP1mac_ZC82_R_ALT_Barcode_2,THP1_Naive,Nucleofector,,Macrophage,Naive_THP1mac_ZC82_R,Immune,THP1_Macrophage,0.0,0.0,0.0,1.0,0.0,2,2_ALT,ALT,Naive_THP1mac_ZC82_R_ALT,Macrophage_ALT,THP1_Naive_ALT,,,,,,,,,,THP1_Macrophage_ALT,0
Naive_THP1mac_ZC82_R_ALT_Barcode_3,THP1_Naive,Nucleofector,,Macrophage,Naive_THP1mac_ZC82_R,Immune,THP1_Macrophage,0.0,0.0,0.0,1.0,0.0,3,3_ALT,ALT,Naive_THP1mac_ZC82_R_ALT,Macrophage_ALT,THP1_Naive_ALT,,,,,,,,,,THP1_Macrophage_ALT,0
Naive_THP1mac_ZC82_R_ALT_Barcode_4,THP1_Naive,Nucleofector,,Macrophage,Naive_THP1mac_ZC82_R,Immune,THP1_Macrophage,0.0,0.0,0.0,1.0,0.0,4,4_ALT,ALT,Naive_THP1mac_ZC82_R_ALT,Macrophage_ALT,THP1_Naive_ALT,,,,,,,,,,THP1_Macrophage_ALT,0
Naive_THP1mac_ZC82_R_ALT_Barcode_5,THP1_Naive,Nucleofector,,Macrophage,Naive_THP1mac_ZC82_R,Immune,THP1_Macrophage,0.0,0.0,0.0,1.0,0.0,5,5_ALT,ALT,Naive_THP1mac_ZC82_R_ALT,Macrophage_ALT,THP1_Naive_ALT,,,,,,,,,,THP1_Macrophage_ALT,0
Naive_THP1mac_ZC82_R_REF_Barcode_1,THP1_Naive,Nucleofector,,Macrophage,Naive_THP1mac_ZC82_R,Immune,THP1_Macrophage,0.0,0.0,0.0,1.0,0.0,1,1_REF,REF,Naive_THP1mac_ZC82_R_REF,Macrophage_REF,THP1_Naive_REF,,,,,,,,,,THP1_Macrophage_REF,0
Naive_THP1mac_ZC82_R_REF_Barcode_2,THP1_Naive,Nucleofector,,Macrophage,Naive_THP1mac_ZC82_R,Immune,THP1_Macrophage,0.0,0.0,0.0,1.0,0.0,2,2_REF,REF,Naive_THP1mac_ZC82_R_REF,Macrophage_REF,THP1_Naive_REF,,,,,,,,,,THP1_Macrophage_REF,0
Naive_THP1mac_ZC82_R_REF_Barcode_3,THP1_Naive,Nucleofector,,Macrophage,Naive_THP1mac_ZC82_R,Immune,THP1_Macrophage,0.0,0.0,0.0,1.0,0.0,3,3_REF,REF,Naive_THP1mac_ZC82_R_REF,Macrophage_REF,THP1_Naive_REF,,,,,,,,,,THP1_Macrophage_REF,0
Naive_THP1mac_ZC82_R_REF_Barcode_4,THP1_Naive,Nucleofector,,Macrophage,Naive_THP1mac_ZC82_R,Immune,THP1_Macrophage,0.0,0.0,0.0,1.0,0.0,4,4_REF,REF,Naive_THP1mac_ZC82_R_REF,Macrophage_REF,THP1_Naive_REF,,,,,,,,,,THP1_Macrophage_REF,0
Naive_THP1mac_ZC82_R_REF_Barcode_5,THP1_Naive,Nucleofector,,Macrophage,Naive_THP1mac_ZC82_R,Immune,THP1_Macrophage,0.0,0.0,0.0,1.0,0.0,5,5_REF,REF,Naive_THP1mac_ZC82_R_REF,Macrophage_REF,THP1_Naive_REF,,,,,,,,,,THP1_Macrophage_REF,0
Naive_THP1mac_ZC83_R_ALT_Barcode_1,THP1_Naive,Nucleofector,,Macrophage,Naive_THP1mac_ZC83_R,Immune,THP1_Macrophage,0.0,0.0,0.0,1.0,0.0,1,1_ALT,ALT,Naive_THP1mac_ZC83_R_ALT,Macrophage_ALT,THP1_Naive_ALT,,,,,,,,,,THP1_Macrophage_ALT,0
Naive_THP1mac_ZC83_R_ALT_Barcode_2,THP1_Naive,Nucleofector,,Macrophage,Naive_THP1mac_ZC83_R,Immune,THP1_Macrophage,0.0,0.0,0.0,1.0,0.0,2,2_ALT,ALT,Naive_THP1mac_ZC83_R_ALT,Macrophage_ALT,THP1_Naive_ALT,,,,,,,,,,THP1_Macrophage_ALT,0
Naive_THP1mac_ZC83_R_ALT_Barcode_3,THP1_Naive,Nucleofector,,Macrophage,Naive_THP1mac_ZC83_R,Immune,THP1_Macrophage,0.0,0.0,0.0,1.0,0.0,3,3_ALT,ALT,Naive_THP1mac_ZC83_R_ALT,Macrophage_ALT,THP1_Naive_ALT,,,,,,,,,,THP1_Macrophage_ALT,0
Naive_THP1mac_ZC83_R_ALT_Barcode_4,THP1_Naive,Nucleofector,,Macrophage,Naive_THP1mac_ZC83_R,Immune,THP1_Macrophage,0.0,0.0,0.0,1.0,0.0,4,4_ALT,ALT,Naive_THP1mac_ZC83_R_ALT,Macrophage_ALT,THP1_Naive_ALT,,,,,,,,,,THP1_Macrophage_ALT,0
Naive_THP1mac_ZC83_R_ALT_Barcode_5,THP1_Naive,Nucleofector,,Macrophage,Naive_THP1mac_ZC83_R,Immune,THP1_Macrophage,0.0,0.0,0.0,1.0,0.0,5,5_ALT,ALT,Naive_THP1mac_ZC83_R_ALT,Macrophage_ALT,THP1_Naive_ALT,,,,,,,,,,THP1_Macrophage_ALT,0
Naive_THP1mac_ZC83_R_REF_Barcode_1,THP1_Naive,Nucleofector,,Macrophage,Naive_THP1mac_ZC83_R,Immune,THP1_Macrophage,0.0,0.0,0.0,1.0,0.0,1,1_REF,REF,Naive_THP1mac_ZC83_R_REF,Macrophage_REF,THP1_Naive_REF,,,,,,,,,,THP1_Macrophage_REF,0
Naive_THP1mac_ZC83_R_REF_Barcode_2,THP1_Naive,Nucleofector,,Macrophage,Naive_THP1mac_ZC83_R,Immune,THP1_Macrophage,0.0,0.0,0.0,1.0,0.0,2,2_REF,REF,Naive_THP1mac_ZC83_R_REF,Macrophage_REF,THP1_Naive_REF,,,,,,,,,,THP1_Macrophage_REF,0
Naive_THP1mac_ZC83_R_REF_Barcode_3,THP1_Naive,Nucleofector,,Macrophage,Naive_THP1mac_ZC83_R,Immune,THP1_Macrophage,0.0,0.0,0.0,1.0,0.0,3,3_REF,REF,Naive_THP1mac_ZC83_R_REF,Macrophage_REF,THP1_Naive_REF,,,,,,,,,,THP1_Macrophage_REF,0
Naive_THP1mac_ZC83_R_REF_Barcode_4,THP1_Naive,Nucleofector,,Macrophage,Naive_THP1mac_ZC83_R,Immune,THP1_Macrophage,0.0,0.0,0.0,1.0,0.0,4,4_REF,REF,Naive_THP1mac_ZC83_R_REF,Macrophage_REF,THP1_Naive_REF,,,,,,,,,,THP1_Macrophage_REF,0
Naive_THP1mac_ZC83_R_REF_Barcode_5,THP1_Naive,Nucleofector,,Macrophage,Naive_THP1mac_ZC83_R,Immune,THP1_Macrophage,0.0,0.0,0.0,1.0,0.0,5,5_REF,REF,Naive_THP1mac_ZC83_R_REF,Macrophage_REF,THP1_Naive_REF,,,,,,,,,,THP1_Macrophage_REF,0
Naive_THP1mac_ZC86_R_ALT_Barcode_1,THP1_Naive,Nucleofector,,Macrophage,Naive_THP1mac_ZC86_R,Immune,THP1_Macrophage,0.0,0.0,0.0,1.0,0.0,1,1_ALT,ALT,Naive_THP1mac_ZC86_R_ALT,Macrophage_ALT,THP1_Naive_ALT,,,,,,,,,,THP1_Macrophage_ALT,0
Naive_THP1mac_ZC86_R_ALT_Barcode_2,THP1_Naive,Nucleofector,,Macrophage,Naive_THP1mac_ZC86_R,Immune,THP1_Macrophage,0.0,0.0,0.0,1.0,0.0,2,2_ALT,ALT,Naive_THP1mac_ZC86_R_ALT,Macrophage_ALT,THP1_Naive_ALT,,,,,,,,,,THP1_Macrophage_ALT,0
Naive_THP1mac_ZC86_R_ALT_Barcode_3,THP1_Naive,Nucleofector,,Macrophage,Naive_THP1mac_ZC86_R,Immune,THP1_Macrophage,0.0,0.0,0.0,1.0,0.0,3,3_ALT,ALT,Naive_THP1mac_ZC86_R_ALT,Macrophage_ALT,THP1_Naive_ALT,,,,,,,,,,THP1_Macrophage_ALT,0
Naive_THP1mac_ZC86_R_ALT_Barcode_4,THP1_Naive,Nucleofector,,Macrophage,Naive_THP1mac_ZC86_R,Immune,THP1_Macrophage,0.0,0.0,0.0,1.0,0.0,4,4_ALT,ALT,Naive_THP1mac_ZC86_R_ALT,Macrophage_ALT,THP1_Naive_ALT,,,,,,,,,,THP1_Macrophage_ALT,0
Naive_THP1mac_ZC86_R_ALT_Barcode_5,THP1_Naive,Nucleofector,,Macrophage,Naive_THP1mac_ZC86_R,Immune,THP1_Macrophage,0.0,0.0,0.0,1.0,0.0,5,5_ALT,ALT,Naive_THP1mac_ZC86_R_ALT,Macrophage_ALT,THP1_Naive_ALT,,,,,,,,,,THP1_Macrophage_ALT,0
Naive_THP1mac_ZC86_R_REF_Barcode_1,THP1_Naive,Nucleofector,,Macrophage,Naive_THP1mac_ZC86_R,Immune,THP1_Macrophage,0.0,0.0,0.0,1.0,0.0,1,1_REF,REF,Naive_THP1mac_ZC86_R_REF,Macrophage_REF,THP1_Naive_REF,,,,,,,,,,THP1_Macrophage_REF,0
Naive_THP1mac_ZC86_R_REF_Barcode_2,THP1_Naive,Nucleofector,,Macrophage,Naive_THP1mac_ZC86_R,Immune,THP1_Macrophage,0.0,0.0,0.0,1.0,0.0,2,2_REF,REF,Naive_THP1mac_ZC86_R_REF,Macrophage_REF,THP1_Naive_REF,,,,,,,,,,THP1_Macrophage_REF,0
Naive_THP1mac_ZC86_R_REF_Barcode_3,THP1_Naive,Nucleofector,,Macrophage,Naive_THP1mac_ZC86_R,Immune,THP1_Macrophage,0.0,0.0,0.0,1.0,0.0,3,3_REF,REF,Naive_THP1mac_ZC86_R_REF,Macrophage_REF,THP1_Naive_REF,,,,,,,,,,THP1_Macrophage_REF,0
Naive_THP1mac_ZC86_R_REF_Barcode_4,THP1_Naive,Nucleofector,,Macrophage,Naive_THP1mac_ZC86_R,Immune,THP1_Macrophage,0.0,0.0,0.0,1.0,0.0,4,4_REF,REF,Naive_THP1mac_ZC86_R_REF,Macrophage_REF,THP1_Naive_REF,,,,,,,,,,THP1_Macrophage_REF,0
Naive_THP1mac_ZC86_R_REF_Barcode_5,THP1_Naive,Nucleofector,,Macrophage,Naive_THP1mac_ZC86_R,Immune,THP1_Macrophage,0.0,0.0,0.0,1.0,0.0,5,5_REF,REF,Naive_THP1mac_ZC86_R_REF,Macrophage_REF,THP1_Naive_REF,,,,,,,,,,THP1_Macrophage_REF,0
Naive_THP1mac_ZC91_R_ALT_Barcode_1,THP1_Naive,Nucleofector,,Macrophage,Naive_THP1mac_ZC91_R,Immune,THP1_Macrophage,0.0,0.0,0.0,1.0,0.0,1,1_ALT,ALT,Naive_THP1mac_ZC91_R_ALT,Macrophage_ALT,THP1_Naive_ALT,,,,,,,,,,THP1_Macrophage_ALT,0
Naive_THP1mac_ZC91_R_ALT_Barcode_2,THP1_Naive,Nucleofector,,Macrophage,Naive_THP1mac_ZC91_R,Immune,THP1_Macrophage,0.0,0.0,0.0,1.0,0.0,2,2_ALT,ALT,Naive_THP1mac_ZC91_R_ALT,Macrophage_ALT,THP1_Naive_ALT,,,,,,,,,,THP1_Macrophage_ALT,0
Naive_THP1mac_ZC91_R_ALT_Barcode_3,THP1_Naive,Nucleofector,,Macrophage,Naive_THP1mac_ZC91_R,Immune,THP1_Macrophage,0.0,0.0,0.0,1.0,0.0,3,3_ALT,ALT,Naive_THP1mac_ZC91_R_ALT,Macrophage_ALT,THP1_Naive_ALT,,,,,,,,,,THP1_Macrophage_ALT,0
Naive_THP1mac_ZC91_R_ALT_Barcode_4,THP1_Naive,Nucleofector,,Macrophage,Naive_THP1mac_ZC91_R,Immune,THP1_Macrophage,0.0,0.0,0.0,1.0,0.0,4,4_ALT,ALT,Naive_THP1mac_ZC91_R_ALT,Macrophage_ALT,THP1_Naive_ALT,,,,,,,,,,THP1_Macrophage_ALT,0
Naive_THP1mac_ZC91_R_ALT_Barcode_5,THP1_Naive,Nucleofector,,Macrophage,Naive_THP1mac_ZC91_R,Immune,THP1_Macrophage,0.0,0.0,0.0,1.0,0.0,5,5_ALT,ALT,Naive_THP1mac_ZC91_R_ALT,Macrophage_ALT,THP1_Naive_ALT,,,,,,,,,,THP1_Macrophage_ALT,0
Naive_THP1mac_ZC91_R_REF_Barcode_1,THP1_Naive,Nucleofector,,Macrophage,Naive_THP1mac_ZC91_R,Immune,THP1_Macrophage,0.0,0.0,0.0,1.0,0.0,1,1_REF,REF,Naive_THP1mac_ZC91_R_REF,Macrophage_REF,THP1_Naive_REF,,,,,,,,,,THP1_Macrophage_REF,0
Naive_THP1mac_ZC91_R_REF_Barcode_2,THP1_Naive,Nucleofector,,Macrophage,Naive_THP1mac_ZC91_R,Immune,THP1_Macrophage,0.0,0.0,0.0,1.0,0.0,2,2_REF,REF,Naive_THP1mac_ZC91_R_REF,Macrophage_REF,THP1_Naive_REF,,,,,,,,,,THP1_Macrophage_REF,0
Naive_THP1mac_ZC91_R_REF_Barcode_3,THP1_Naive,Nucleofector,,Macrophage,Naive_THP1mac_ZC91_R,Immune,THP1_Macrophage,0.0,0.0,0.0,1.0,0.0,3,3_REF,REF,Naive_THP1mac_ZC91_R_REF,Macrophage_REF,THP1_Naive_REF,,,,,,,,,,THP1_Macrophage_REF,0
Naive_THP1mac_ZC91_R_REF_Barcode_4,THP1_Naive,Nucleofector,,Macrophage,Naive_THP1mac_ZC91_R,Immune,THP1_Macrophage,0.0,0.0,0.0,1.0,0.0,4,4_REF,REF,Naive_THP1mac_ZC91_R_REF,Macrophage_REF,THP1_Naive_REF,,,,,,,,,,THP1_Macrophage_REF,0
Naive_THP1mac_ZC91_R_REF_Barcode_5,THP1_Naive,Nucleofector,,Macrophage,Naive_THP1mac_ZC91_R,Immune,THP1_Macrophage,0.0,0.0,0.0,1.0,0.0,5,5_REF,REF,Naive_THP1mac_ZC91_R_REF,Macrophage_REF,THP1_Naive_REF,,,,,,,,,,THP1_Macrophage_REF,0
ZC100-MPRA3-AP1134-26-Striatum_ALT_Barcode_1,Striatum,AAV-PHP-EB,,AP1134,ZC100R-MPRA3-AP1134-26-Striatum,Brain,Brain,,,,,,1,1_ALT,ALT,ZC100R-MPRA3-AP1134-26-Striatum_ALT,AP1134_ALT,Striatum_ALT,M,1.0,0.0,0.0,AP1134Striatum,1.0,1.0,0.0,0.0,Brain_ALT,1
ZC100-MPRA3-AP1134-26-Striatum_ALT_Barcode_2,Striatum,AAV-PHP-EB,,AP1134,ZC100R-MPRA3-AP1134-26-Striatum,Brain,Brain,,,,,,2,2_ALT,ALT,ZC100R-MPRA3-AP1134-26-Striatum_ALT,AP1134_ALT,Striatum_ALT,M,1.0,0.0,0.0,AP1134Striatum,1.0,1.0,0.0,0.0,Brain_ALT,1
ZC100-MPRA3-AP1134-26-Striatum_ALT_Barcode_3,Striatum,AAV-PHP-EB,,AP1134,ZC100R-MPRA3-AP1134-26-Striatum,Brain,Brain,,,,,,3,3_ALT,ALT,ZC100R-MPRA3-AP1134-26-Striatum_ALT,AP1134_ALT,Striatum_ALT,M,1.0,0.0,0.0,AP1134Striatum,1.0,1.0,0.0,0.0,Brain_ALT,1
ZC100-MPRA3-AP1134-26-Striatum_ALT_Barcode_4,Striatum,AAV-PHP-EB,,AP1134,ZC100R-MPRA3-AP1134-26-Striatum,Brain,Brain,,,,,,4,4_ALT,ALT,ZC100R-MPRA3-AP1134-26-Striatum_ALT,AP1134_ALT,Striatum_ALT,M,1.0,0.0,0.0,AP1134Striatum,1.0,1.0,0.0,0.0,Brain_ALT,1
ZC100-MPRA3-AP1134-26-Striatum_ALT_Barcode_5,Striatum,AAV-PHP-EB,,AP1134,ZC100R-MPRA3-AP1134-26-Striatum,Brain,Brain,,,,,,5,5_ALT,ALT,ZC100R-MPRA3-AP1134-26-Striatum_ALT,AP1134_ALT,Striatum_ALT,M,1.0,0.0,0.0,AP1134Striatum,1.0,1.0,0.0,0.0,Brain_ALT,1
ZC100-MPRA3-AP1134-26-Striatum_REF_Barcode_1,Striatum,AAV-PHP-EB,,AP1134,ZC100R-MPRA3-AP1134-26-Striatum,Brain,Brain,,,,,,1,1_REF,REF,ZC100R-MPRA3-AP1134-26-Striatum_REF,AP1134_REF,Striatum_REF,M,1.0,0.0,0.0,AP1134Striatum,0.0,0.0,0.0,0.0,Brain_REF,0
ZC100-MPRA3-AP1134-26-Striatum_REF_Barcode_2,Striatum,AAV-PHP-EB,,AP1134,ZC100R-MPRA3-AP1134-26-Striatum,Brain,Brain,,,,,,2,2_REF,REF,ZC100R-MPRA3-AP1134-26-Striatum_REF,AP1134_REF,Striatum_REF,M,1.0,0.0,0.0,AP1134Striatum,0.0,0.0,0.0,0.0,Brain_REF,0
ZC100-MPRA3-AP1134-26-Striatum_REF_Barcode_3,Striatum,AAV-PHP-EB,,AP1134,ZC100R-MPRA3-AP1134-26-Striatum,Brain,Brain,,,,,,3,3_REF,REF,ZC100R-MPRA3-AP1134-26-Striatum_REF,AP1134_REF,Striatum_REF,M,1.0,0.0,0.0,AP1134Striatum,0.0,0.0,0.0,0.0,Brain_REF,0
ZC100-MPRA3-AP1134-26-Striatum_REF_Barcode_4,Striatum,AAV-PHP-EB,,AP1134,ZC100R-MPRA3-AP1134-26-Striatum,Brain,Brain,,,,,,4,4_REF,REF,ZC100R-MPRA3-AP1134-26-Striatum_REF,AP1134_REF,Striatum_REF,M,1.0,0.0,0.0,AP1134Striatum,0.0,0.0,0.0,0.0,Brain_REF,0
ZC100-MPRA3-AP1134-26-Striatum_REF_Barcode_5,Striatum,AAV-PHP-EB,,AP1134,ZC100R-MPRA3-AP1134-26-Striatum,Brain,Brain,,,,,,5,5_REF,REF,ZC100R-MPRA3-AP1134-26-Striatum_REF,AP1134_REF,Striatum_REF,M,1.0,0.0,0.0,AP1134Striatum,0.0,0.0,0.0,0.0,Brain_REF,0
ZC101-MPRA3-AP1134-26-Hippocampus_ALT_Barcode_1,Hippocampus,AAV-PHP-EB,,AP1134,ZC101R-MPRA3-AP1134-26-Hippocampus,Brain,Brain,,,,,,1,1_ALT,ALT,ZC101R-MPRA3-AP1134-26-Hippocampus_ALT,AP1134_ALT,Hippocampus_ALT,M,0.0,1.0,0.0,AP1134Hippocampus,1.0,0.0,1.0,0.0,Brain_ALT,1
ZC101-MPRA3-AP1134-26-Hippocampus_ALT_Barcode_2,Hippocampus,AAV-PHP-EB,,AP1134,ZC101R-MPRA3-AP1134-26-Hippocampus,Brain,Brain,,,,,,2,2_ALT,ALT,ZC101R-MPRA3-AP1134-26-Hippocampus_ALT,AP1134_ALT,Hippocampus_ALT,M,0.0,1.0,0.0,AP1134Hippocampus,1.0,0.0,1.0,0.0,Brain_ALT,1
ZC101-MPRA3-AP1134-26-Hippocampus_ALT_Barcode_3,Hippocampus,AAV-PHP-EB,,AP1134,ZC101R-MPRA3-AP1134-26-Hippocampus,Brain,Brain,,,,,,3,3_ALT,ALT,ZC101R-MPRA3-AP1134-26-Hippocampus_ALT,AP1134_ALT,Hippocampus_ALT,M,0.0,1.0,0.0,AP1134Hippocampus,1.0,0.0,1.0,0.0,Brain_ALT,1
ZC101-MPRA3-AP1134-26-Hippocampus_ALT_Barcode_4,Hippocampus,AAV-PHP-EB,,AP1134,ZC101R-MPRA3-AP1134-26-Hippocampus,Brain,Brain,,,,,,4,4_ALT,ALT,ZC101R-MPRA3-AP1134-26-Hippocampus_ALT,AP1134_ALT,Hippocampus_ALT,M,0.0,1.0,0.0,AP1134Hippocampus,1.0,0.0,1.0,0.0,Brain_ALT,1
ZC101-MPRA3-AP1134-26-Hippocampus_ALT_Barcode_5,Hippocampus,AAV-PHP-EB,,AP1134,ZC101R-MPRA3-AP1134-26-Hippocampus,Brain,Brain,,,,,,5,5_ALT,ALT,ZC101R-MPRA3-AP1134-26-Hippocampus_ALT,AP1134_ALT,Hippocampus_ALT,M,0.0,1.0,0.0,AP1134Hippocampus,1.0,0.0,1.0,0.0,Brain_ALT,1
ZC101-MPRA3-AP1134-26-Hippocampus_REF_Barcode_1,Hippocampus,AAV-PHP-EB,,AP1134,ZC101R-MPRA3-AP1134-26-Hippocampus,Brain,Brain,,,,,,1,1_REF,REF,ZC101R-MPRA3-AP1134-26-Hippocampus_REF,AP1134_REF,Hippocampus_REF,M,0.0,1.0,0.0,AP1134Hippocampus,0.0,0.0,0.0,0.0,Brain_REF,0
ZC101-MPRA3-AP1134-26-Hippocampus_REF_Barcode_2,Hippocampus,AAV-PHP-EB,,AP1134,ZC101R-MPRA3-AP1134-26-Hippocampus,Brain,Brain,,,,,,2,2_REF,REF,ZC101R-MPRA3-AP1134-26-Hippocampus_REF,AP1134_REF,Hippocampus_REF,M,0.0,1.0,0.0,AP1134Hippocampus,0.0,0.0,0.0,0.0,Brain_REF,0
ZC101-MPRA3-AP1134-26-Hippocampus_REF_Barcode_3,Hippocampus,AAV-PHP-EB,,AP1134,ZC101R-MPRA3-AP1134-26-Hippocampus,Brain,Brain,,,,,,3,3_REF,REF,ZC101R-MPRA3-AP1134-26-Hippocampus_REF,AP1134_REF,Hippocampus_REF,M,0.0,1.0,0.0,AP1134Hippocampus,0.0,0.0,0.0,0.0,Brain_REF,0
ZC101-MPRA3-AP1134-26-Hippocampus_REF_Barcode_4,Hippocampus,AAV-PHP-EB,,AP1134,ZC101R-MPRA3-AP1134-26-Hippocampus,Brain,Brain,,,,,,4,4_REF,REF,ZC101R-MPRA3-AP1134-26-Hippocampus_REF,AP1134_REF,Hippocampus_REF,M,0.0,1.0,0.0,AP1134Hippocampus,0.0,0.0,0.0,0.0,Brain_REF,0
ZC101-MPRA3-AP1134-26-Hippocampus_REF_Barcode_5,Hippocampus,AAV-PHP-EB,,AP1134,ZC101R-MPRA3-AP1134-26-Hippocampus,Brain,Brain,,,,,,5,5_REF,REF,ZC101R-MPRA3-AP1134-26-Hippocampus_REF,AP1134_REF,Hippocampus_REF,M,0.0,1.0,0.0,AP1134Hippocampus,0.0,0.0,0.0,0.0,Brain_REF,0
ZC103-MPRA3-AP1120-26-Cortex_ALT_Barcode_1,Cortex,AAV-PHP-EB,,AP1120,ZC103R-MPRA3-AP1120-26-Cortex,Brain,Brain,,,,,,1,1_ALT,ALT,ZC103R-MPRA3-AP1120-26-Cortex_ALT,AP1120_ALT,Cortex_ALT,F,0.0,0.0,1.0,AP1120Cortex,1.0,0.0,0.0,1.0,Brain_ALT,1
ZC103-MPRA3-AP1120-26-Cortex_ALT_Barcode_2,Cortex,AAV-PHP-EB,,AP1120,ZC103R-MPRA3-AP1120-26-Cortex,Brain,Brain,,,,,,2,2_ALT,ALT,ZC103R-MPRA3-AP1120-26-Cortex_ALT,AP1120_ALT,Cortex_ALT,F,0.0,0.0,1.0,AP1120Cortex,1.0,0.0,0.0,1.0,Brain_ALT,1
ZC103-MPRA3-AP1120-26-Cortex_ALT_Barcode_3,Cortex,AAV-PHP-EB,,AP1120,ZC103R-MPRA3-AP1120-26-Cortex,Brain,Brain,,,,,,3,3_ALT,ALT,ZC103R-MPRA3-AP1120-26-Cortex_ALT,AP1120_ALT,Cortex_ALT,F,0.0,0.0,1.0,AP1120Cortex,1.0,0.0,0.0,1.0,Brain_ALT,1
ZC103-MPRA3-AP1120-26-Cortex_ALT_Barcode_4,Cortex,AAV-PHP-EB,,AP1120,ZC103R-MPRA3-AP1120-26-Cortex,Brain,Brain,,,,,,4,4_ALT,ALT,ZC103R-MPRA3-AP1120-26-Cortex_ALT,AP1120_ALT,Cortex_ALT,F,0.0,0.0,1.0,AP1120Cortex,1.0,0.0,0.0,1.0,Brain_ALT,1
ZC103-MPRA3-AP1120-26-Cortex_ALT_Barcode_5,Cortex,AAV-PHP-EB,,AP1120,ZC103R-MPRA3-AP1120-26-Cortex,Brain,Brain,,,,,,5,5_ALT,ALT,ZC103R-MPRA3-AP1120-26-Cortex_ALT,AP1120_ALT,Cortex_ALT,F,0.0,0.0,1.0,AP1120Cortex,1.0,0.0,0.0,1.0,Brain_ALT,1
ZC103-MPRA3-AP1120-26-Cortex_REF_Barcode_1,Cortex,AAV-PHP-EB,,AP1120,ZC103R-MPRA3-AP1120-26-Cortex,Brain,Brain,,,,,,1,1_REF,REF,ZC103R-MPRA3-AP1120-26-Cortex_REF,AP1120_REF,Cortex_REF,F,0.0,0.0,1.0,AP1120Cortex,0.0,0.0,0.0,0.0,Brain_REF,0
ZC103-MPRA3-AP1120-26-Cortex_REF_Barcode_2,Cortex,AAV-PHP-EB,,AP1120,ZC103R-MPRA3-AP1120-26-Cortex,Brain,Brain,,,,,,2,2_REF,REF,ZC103R-MPRA3-AP1120-26-Cortex_REF,AP1120_REF,Cortex_REF,F,0.0,0.0,1.0,AP1120Cortex,0.0,0.0,0.0,0.0,Brain_REF,0
ZC103-MPRA3-AP1120-26-Cortex_REF_Barcode_3,Cortex,AAV-PHP-EB,,AP1120,ZC103R-MPRA3-AP1120-26-Cortex,Brain,Brain,,,,,,3,3_REF,REF,ZC103R-MPRA3-AP1120-26-Cortex_REF,AP1120_REF,Cortex_REF,F,0.0,0.0,1.0,AP1120Cortex,0.0,0.0,0.0,0.0,Brain_REF,0
ZC103-MPRA3-AP1120-26-Cortex_REF_Barcode_4,Cortex,AAV-PHP-EB,,AP1120,ZC103R-MPRA3-AP1120-26-Cortex,Brain,Brain,,,,,,4,4_REF,REF,ZC103R-MPRA3-AP1120-26-Cortex_REF,AP1120_REF,Cortex_REF,F,0.0,0.0,1.0,AP1120Cortex,0.0,0.0,0.0,0.0,Brain_REF,0
ZC103-MPRA3-AP1120-26-Cortex_REF_Barcode_5,Cortex,AAV-PHP-EB,,AP1120,ZC103R-MPRA3-AP1120-26-Cortex,Brain,Brain,,,,,,5,5_REF,REF,ZC103R-MPRA3-AP1120-26-Cortex_REF,AP1120_REF,Cortex_REF,F,0.0,0.0,1.0,AP1120Cortex,0.0,0.0,0.0,0.0,Brain_REF,0
ZC104-MPRA3-AP1120-26-Striatum_ALT_Barcode_1,Striatum,AAV-PHP-EB,,AP1120,ZC104R-MPRA3-AP1120-26-Striatum,Brain,Brain,,,,,,1,1_ALT,ALT,ZC104R-MPRA3-AP1120-26-Striatum_ALT,AP1120_ALT,Striatum_ALT,F,1.0,0.0,0.0,AP1120Striatum,1.0,1.0,0.0,0.0,Brain_ALT,1
ZC104-MPRA3-AP1120-26-Striatum_ALT_Barcode_2,Striatum,AAV-PHP-EB,,AP1120,ZC104R-MPRA3-AP1120-26-Striatum,Brain,Brain,,,,,,2,2_ALT,ALT,ZC104R-MPRA3-AP1120-26-Striatum_ALT,AP1120_ALT,Striatum_ALT,F,1.0,0.0,0.0,AP1120Striatum,1.0,1.0,0.0,0.0,Brain_ALT,1
ZC104-MPRA3-AP1120-26-Striatum_ALT_Barcode_3,Striatum,AAV-PHP-EB,,AP1120,ZC104R-MPRA3-AP1120-26-Striatum,Brain,Brain,,,,,,3,3_ALT,ALT,ZC104R-MPRA3-AP1120-26-Striatum_ALT,AP1120_ALT,Striatum_ALT,F,1.0,0.0,0.0,AP1120Striatum,1.0,1.0,0.0,0.0,Brain_ALT,1
ZC104-MPRA3-AP1120-26-Striatum_ALT_Barcode_4,Striatum,AAV-PHP-EB,,AP1120,ZC104R-MPRA3-AP1120-26-Striatum,Brain,Brain,,,,,,4,4_ALT,ALT,ZC104R-MPRA3-AP1120-26-Striatum_ALT,AP1120_ALT,Striatum_ALT,F,1.0,0.0,0.0,AP1120Striatum,1.0,1.0,0.0,0.0,Brain_ALT,1
ZC104-MPRA3-AP1120-26-Striatum_ALT_Barcode_5,Striatum,AAV-PHP-EB,,AP1120,ZC104R-MPRA3-AP1120-26-Striatum,Brain,Brain,,,,,,5,5_ALT,ALT,ZC104R-MPRA3-AP1120-26-Striatum_ALT,AP1120_ALT,Striatum_ALT,F,1.0,0.0,0.0,AP1120Striatum,1.0,1.0,0.0,0.0,Brain_ALT,1
ZC104-MPRA3-AP1120-26-Striatum_REF_Barcode_1,Striatum,AAV-PHP-EB,,AP1120,ZC104R-MPRA3-AP1120-26-Striatum,Brain,Brain,,,,,,1,1_REF,REF,ZC104R-MPRA3-AP1120-26-Striatum_REF,AP1120_REF,Striatum_REF,F,1.0,0.0,0.0,AP1120Striatum,0.0,0.0,0.0,0.0,Brain_REF,0
ZC104-MPRA3-AP1120-26-Striatum_REF_Barcode_2,Striatum,AAV-PHP-EB,,AP1120,ZC104R-MPRA3-AP1120-26-Striatum,Brain,Brain,,,,,,2,2_REF,REF,ZC104R-MPRA3-AP1120-26-Striatum_REF,AP1120_REF,Striatum_REF,F,1.0,0.0,0.0,AP1120Striatum,0.0,0.0,0.0,0.0,Brain_REF,0
ZC104-MPRA3-AP1120-26-Striatum_REF_Barcode_3,Striatum,AAV-PHP-EB,,AP1120,ZC104R-MPRA3-AP1120-26-Striatum,Brain,Brain,,,,,,3,3_REF,REF,ZC104R-MPRA3-AP1120-26-Striatum_REF,AP1120_REF,Striatum_REF,F,1.0,0.0,0.0,AP1120Striatum,0.0,0.0,0.0,0.0,Brain_REF,0
ZC104-MPRA3-AP1120-26-Striatum_REF_Barcode_4,Striatum,AAV-PHP-EB,,AP1120,ZC104R-MPRA3-AP1120-26-Striatum,Brain,Brain,,,,,,4,4_REF,REF,ZC104R-MPRA3-AP1120-26-Striatum_REF,AP1120_REF,Striatum_REF,F,1.0,0.0,0.0,AP1120Striatum,0.0,0.0,0.0,0.0,Brain_REF,0
ZC104-MPRA3-AP1120-26-Striatum_REF_Barcode_5,Striatum,AAV-PHP-EB,,AP1120,ZC104R-MPRA3-AP1120-26-Striatum,Brain,Brain,,,,,,5,5_REF,REF,ZC104R-MPRA3-AP1120-26-Striatum_REF,AP1120_REF,Striatum_REF,F,1.0,0.0,0.0,AP1120Striatum,0.0,0.0,0.0,0.0,Brain_REF,0
ZC105-MPRA3-AP1120-26-Hippocampus_ALT_Barcode_1,Hippocampus,AAV-PHP-EB,,AP1120,ZC105R-MPRA3-AP1120-26-Hippocampus,Brain,Brain,,,,,,1,1_ALT,ALT,ZC105R-MPRA3-AP1120-26-Hippocampus_ALT,AP1120_ALT,Hippocampus_ALT,F,0.0,1.0,0.0,AP1120Hippocampus,1.0,0.0,1.0,0.0,Brain_ALT,1
ZC105-MPRA3-AP1120-26-Hippocampus_ALT_Barcode_2,Hippocampus,AAV-PHP-EB,,AP1120,ZC105R-MPRA3-AP1120-26-Hippocampus,Brain,Brain,,,,,,2,2_ALT,ALT,ZC105R-MPRA3-AP1120-26-Hippocampus_ALT,AP1120_ALT,Hippocampus_ALT,F,0.0,1.0,0.0,AP1120Hippocampus,1.0,0.0,1.0,0.0,Brain_ALT,1
ZC105-MPRA3-AP1120-26-Hippocampus_ALT_Barcode_3,Hippocampus,AAV-PHP-EB,,AP1120,ZC105R-MPRA3-AP1120-26-Hippocampus,Brain,Brain,,,,,,3,3_ALT,ALT,ZC105R-MPRA3-AP1120-26-Hippocampus_ALT,AP1120_ALT,Hippocampus_ALT,F,0.0,1.0,0.0,AP1120Hippocampus,1.0,0.0,1.0,0.0,Brain_ALT,1
ZC105-MPRA3-AP1120-26-Hippocampus_ALT_Barcode_4,Hippocampus,AAV-PHP-EB,,AP1120,ZC105R-MPRA3-AP1120-26-Hippocampus,Brain,Brain,,,,,,4,4_ALT,ALT,ZC105R-MPRA3-AP1120-26-Hippocampus_ALT,AP1120_ALT,Hippocampus_ALT,F,0.0,1.0,0.0,AP1120Hippocampus,1.0,0.0,1.0,0.0,Brain_ALT,1
ZC105-MPRA3-AP1120-26-Hippocampus_ALT_Barcode_5,Hippocampus,AAV-PHP-EB,,AP1120,ZC105R-MPRA3-AP1120-26-Hippocampus,Brain,Brain,,,,,,5,5_ALT,ALT,ZC105R-MPRA3-AP1120-26-Hippocampus_ALT,AP1120_ALT,Hippocampus_ALT,F,0.0,1.0,0.0,AP1120Hippocampus,1.0,0.0,1.0,0.0,Brain_ALT,1
ZC105-MPRA3-AP1120-26-Hippocampus_REF_Barcode_1,Hippocampus,AAV-PHP-EB,,AP1120,ZC105R-MPRA3-AP1120-26-Hippocampus,Brain,Brain,,,,,,1,1_REF,REF,ZC105R-MPRA3-AP1120-26-Hippocampus_REF,AP1120_REF,Hippocampus_REF,F,0.0,1.0,0.0,AP1120Hippocampus,0.0,0.0,0.0,0.0,Brain_REF,0
ZC105-MPRA3-AP1120-26-Hippocampus_REF_Barcode_2,Hippocampus,AAV-PHP-EB,,AP1120,ZC105R-MPRA3-AP1120-26-Hippocampus,Brain,Brain,,,,,,2,2_REF,REF,ZC105R-MPRA3-AP1120-26-Hippocampus_REF,AP1120_REF,Hippocampus_REF,F,0.0,1.0,0.0,AP1120Hippocampus,0.0,0.0,0.0,0.0,Brain_REF,0
ZC105-MPRA3-AP1120-26-Hippocampus_REF_Barcode_3,Hippocampus,AAV-PHP-EB,,AP1120,ZC105R-MPRA3-AP1120-26-Hippocampus,Brain,Brain,,,,,,3,3_REF,REF,ZC105R-MPRA3-AP1120-26-Hippocampus_REF,AP1120_REF,Hippocampus_REF,F,0.0,1.0,0.0,AP1120Hippocampus,0.0,0.0,0.0,0.0,Brain_REF,0
ZC105-MPRA3-AP1120-26-Hippocampus_REF_Barcode_4,Hippocampus,AAV-PHP-EB,,AP1120,ZC105R-MPRA3-AP1120-26-Hippocampus,Brain,Brain,,,,,,4,4_REF,REF,ZC105R-MPRA3-AP1120-26-Hippocampus_REF,AP1120_REF,Hippocampus_REF,F,0.0,1.0,0.0,AP1120Hippocampus,0.0,0.0,0.0,0.0,Brain_REF,0
ZC105-MPRA3-AP1120-26-Hippocampus_REF_Barcode_5,Hippocampus,AAV-PHP-EB,,AP1120,ZC105R-MPRA3-AP1120-26-Hippocampus,Brain,Brain,,,,,,5,5_REF,REF,ZC105R-MPRA3-AP1120-26-Hippocampus_REF,AP1120_REF,Hippocampus_REF,F,0.0,1.0,0.0,AP1120Hippocampus,0.0,0.0,0.0,0.0,Brain_REF,0
ZC107-MPRA3-AP1121-26-Cortex_ALT_Barcode_1,Cortex,AAV-PHP-EB,,AP1121,ZC107R-MPRA3-AP1121-26-Cortex,Brain,Brain,,,,,,1,1_ALT,ALT,ZC107R-MPRA3-AP1121-26-Cortex_ALT,AP1121_ALT,Cortex_ALT,F,0.0,0.0,1.0,AP1121Cortex,1.0,0.0,0.0,1.0,Brain_ALT,1
ZC107-MPRA3-AP1121-26-Cortex_ALT_Barcode_2,Cortex,AAV-PHP-EB,,AP1121,ZC107R-MPRA3-AP1121-26-Cortex,Brain,Brain,,,,,,2,2_ALT,ALT,ZC107R-MPRA3-AP1121-26-Cortex_ALT,AP1121_ALT,Cortex_ALT,F,0.0,0.0,1.0,AP1121Cortex,1.0,0.0,0.0,1.0,Brain_ALT,1
ZC107-MPRA3-AP1121-26-Cortex_ALT_Barcode_3,Cortex,AAV-PHP-EB,,AP1121,ZC107R-MPRA3-AP1121-26-Cortex,Brain,Brain,,,,,,3,3_ALT,ALT,ZC107R-MPRA3-AP1121-26-Cortex_ALT,AP1121_ALT,Cortex_ALT,F,0.0,0.0,1.0,AP1121Cortex,1.0,0.0,0.0,1.0,Brain_ALT,1
ZC107-MPRA3-AP1121-26-Cortex_ALT_Barcode_4,Cortex,AAV-PHP-EB,,AP1121,ZC107R-MPRA3-AP1121-26-Cortex,Brain,Brain,,,,,,4,4_ALT,ALT,ZC107R-MPRA3-AP1121-26-Cortex_ALT,AP1121_ALT,Cortex_ALT,F,0.0,0.0,1.0,AP1121Cortex,1.0,0.0,0.0,1.0,Brain_ALT,1
ZC107-MPRA3-AP1121-26-Cortex_ALT_Barcode_5,Cortex,AAV-PHP-EB,,AP1121,ZC107R-MPRA3-AP1121-26-Cortex,Brain,Brain,,,,,,5,5_ALT,ALT,ZC107R-MPRA3-AP1121-26-Cortex_ALT,AP1121_ALT,Cortex_ALT,F,0.0,0.0,1.0,AP1121Cortex,1.0,0.0,0.0,1.0,Brain_ALT,1
ZC107-MPRA3-AP1121-26-Cortex_REF_Barcode_1,Cortex,AAV-PHP-EB,,AP1121,ZC107R-MPRA3-AP1121-26-Cortex,Brain,Brain,,,,,,1,1_REF,REF,ZC107R-MPRA3-AP1121-26-Cortex_REF,AP1121_REF,Cortex_REF,F,0.0,0.0,1.0,AP1121Cortex,0.0,0.0,0.0,0.0,Brain_REF,0
ZC107-MPRA3-AP1121-26-Cortex_REF_Barcode_2,Cortex,AAV-PHP-EB,,AP1121,ZC107R-MPRA3-AP1121-26-Cortex,Brain,Brain,,,,,,2,2_REF,REF,ZC107R-MPRA3-AP1121-26-Cortex_REF,AP1121_REF,Cortex_REF,F,0.0,0.0,1.0,AP1121Cortex,0.0,0.0,0.0,0.0,Brain_REF,0
ZC107-MPRA3-AP1121-26-Cortex_REF_Barcode_3,Cortex,AAV-PHP-EB,,AP1121,ZC107R-MPRA3-AP1121-26-Cortex,Brain,Brain,,,,,,3,3_REF,REF,ZC107R-MPRA3-AP1121-26-Cortex_REF,AP1121_REF,Cortex_REF,F,0.0,0.0,1.0,AP1121Cortex,0.0,0.0,0.0,0.0,Brain_REF,0
ZC107-MPRA3-AP1121-26-Cortex_REF_Barcode_4,Cortex,AAV-PHP-EB,,AP1121,ZC107R-MPRA3-AP1121-26-Cortex,Brain,Brain,,,,,,4,4_REF,REF,ZC107R-MPRA3-AP1121-26-Cortex_REF,AP1121_REF,Cortex_REF,F,0.0,0.0,1.0,AP1121Cortex,0.0,0.0,0.0,0.0,Brain_REF,0
ZC107-MPRA3-AP1121-26-Cortex_REF_Barcode_5,Cortex,AAV-PHP-EB,,AP1121,ZC107R-MPRA3-AP1121-26-Cortex,Brain,Brain,,,,,,5,5_REF,REF,ZC107R-MPRA3-AP1121-26-Cortex_REF,AP1121_REF,Cortex_REF,F,0.0,0.0,1.0,AP1121Cortex,0.0,0.0,0.0,0.0,Brain_REF,0
ZC108-MPRA3-AP1121-26-Striatum_ALT_Barcode_1,Striatum,AAV-PHP-EB,,AP1121,ZC108R-MPRA3-AP1121-26-Striatum,Brain,Brain,,,,,,1,1_ALT,ALT,ZC108R-MPRA3-AP1121-26-Striatum_ALT,AP1121_ALT,Striatum_ALT,F,1.0,0.0,0.0,AP1121Striatum,1.0,1.0,0.0,0.0,Brain_ALT,1
ZC108-MPRA3-AP1121-26-Striatum_ALT_Barcode_2,Striatum,AAV-PHP-EB,,AP1121,ZC108R-MPRA3-AP1121-26-Striatum,Brain,Brain,,,,,,2,2_ALT,ALT,ZC108R-MPRA3-AP1121-26-Striatum_ALT,AP1121_ALT,Striatum_ALT,F,1.0,0.0,0.0,AP1121Striatum,1.0,1.0,0.0,0.0,Brain_ALT,1
ZC108-MPRA3-AP1121-26-Striatum_ALT_Barcode_3,Striatum,AAV-PHP-EB,,AP1121,ZC108R-MPRA3-AP1121-26-Striatum,Brain,Brain,,,,,,3,3_ALT,ALT,ZC108R-MPRA3-AP1121-26-Striatum_ALT,AP1121_ALT,Striatum_ALT,F,1.0,0.0,0.0,AP1121Striatum,1.0,1.0,0.0,0.0,Brain_ALT,1
ZC108-MPRA3-AP1121-26-Striatum_ALT_Barcode_4,Striatum,AAV-PHP-EB,,AP1121,ZC108R-MPRA3-AP1121-26-Striatum,Brain,Brain,,,,,,4,4_ALT,ALT,ZC108R-MPRA3-AP1121-26-Striatum_ALT,AP1121_ALT,Striatum_ALT,F,1.0,0.0,0.0,AP1121Striatum,1.0,1.0,0.0,0.0,Brain_ALT,1
ZC108-MPRA3-AP1121-26-Striatum_ALT_Barcode_5,Striatum,AAV-PHP-EB,,AP1121,ZC108R-MPRA3-AP1121-26-Striatum,Brain,Brain,,,,,,5,5_ALT,ALT,ZC108R-MPRA3-AP1121-26-Striatum_ALT,AP1121_ALT,Striatum_ALT,F,1.0,0.0,0.0,AP1121Striatum,1.0,1.0,0.0,0.0,Brain_ALT,1
ZC108-MPRA3-AP1121-26-Striatum_REF_Barcode_1,Striatum,AAV-PHP-EB,,AP1121,ZC108R-MPRA3-AP1121-26-Striatum,Brain,Brain,,,,,,1,1_REF,REF,ZC108R-MPRA3-AP1121-26-Striatum_REF,AP1121_REF,Striatum_REF,F,1.0,0.0,0.0,AP1121Striatum,0.0,0.0,0.0,0.0,Brain_REF,0
ZC108-MPRA3-AP1121-26-Striatum_REF_Barcode_2,Striatum,AAV-PHP-EB,,AP1121,ZC108R-MPRA3-AP1121-26-Striatum,Brain,Brain,,,,,,2,2_REF,REF,ZC108R-MPRA3-AP1121-26-Striatum_REF,AP1121_REF,Striatum_REF,F,1.0,0.0,0.0,AP1121Striatum,0.0,0.0,0.0,0.0,Brain_REF,0
ZC108-MPRA3-AP1121-26-Striatum_REF_Barcode_3,Striatum,AAV-PHP-EB,,AP1121,ZC108R-MPRA3-AP1121-26-Striatum,Brain,Brain,,,,,,3,3_REF,REF,ZC108R-MPRA3-AP1121-26-Striatum_REF,AP1121_REF,Striatum_REF,F,1.0,0.0,0.0,AP1121Striatum,0.0,0.0,0.0,0.0,Brain_REF,0
ZC108-MPRA3-AP1121-26-Striatum_REF_Barcode_4,Striatum,AAV-PHP-EB,,AP1121,ZC108R-MPRA3-AP1121-26-Striatum,Brain,Brain,,,,,,4,4_REF,REF,ZC108R-MPRA3-AP1121-26-Striatum_REF,AP1121_REF,Striatum_REF,F,1.0,0.0,0.0,AP1121Striatum,0.0,0.0,0.0,0.0,Brain_REF,0
ZC108-MPRA3-AP1121-26-Striatum_REF_Barcode_5,Striatum,AAV-PHP-EB,,AP1121,ZC108R-MPRA3-AP1121-26-Striatum,Brain,Brain,,,,,,5,5_REF,REF,ZC108R-MPRA3-AP1121-26-Striatum_REF,AP1121_REF,Striatum_REF,F,1.0,0.0,0.0,AP1121Striatum,0.0,0.0,0.0,0.0,Brain_REF,0
ZC109-MPRA3-AP1121-26-Hippocampus_ALT_Barcode_1,Hippocampus,AAV-PHP-EB,,AP1121,ZC109R-MPRA3-AP1121-26-Hippocampus,Brain,Brain,,,,,,1,1_ALT,ALT,ZC109R-MPRA3-AP1121-26-Hippocampus_ALT,AP1121_ALT,Hippocampus_ALT,F,0.0,1.0,0.0,AP1121Hippocampus,1.0,0.0,1.0,0.0,Brain_ALT,1
ZC109-MPRA3-AP1121-26-Hippocampus_ALT_Barcode_2,Hippocampus,AAV-PHP-EB,,AP1121,ZC109R-MPRA3-AP1121-26-Hippocampus,Brain,Brain,,,,,,2,2_ALT,ALT,ZC109R-MPRA3-AP1121-26-Hippocampus_ALT,AP1121_ALT,Hippocampus_ALT,F,0.0,1.0,0.0,AP1121Hippocampus,1.0,0.0,1.0,0.0,Brain_ALT,1
ZC109-MPRA3-AP1121-26-Hippocampus_ALT_Barcode_3,Hippocampus,AAV-PHP-EB,,AP1121,ZC109R-MPRA3-AP1121-26-Hippocampus,Brain,Brain,,,,,,3,3_ALT,ALT,ZC109R-MPRA3-AP1121-26-Hippocampus_ALT,AP1121_ALT,Hippocampus_ALT,F,0.0,1.0,0.0,AP1121Hippocampus,1.0,0.0,1.0,0.0,Brain_ALT,1
ZC109-MPRA3-AP1121-26-Hippocampus_ALT_Barcode_4,Hippocampus,AAV-PHP-EB,,AP1121,ZC109R-MPRA3-AP1121-26-Hippocampus,Brain,Brain,,,,,,4,4_ALT,ALT,ZC109R-MPRA3-AP1121-26-Hippocampus_ALT,AP1121_ALT,Hippocampus_ALT,F,0.0,1.0,0.0,AP1121Hippocampus,1.0,0.0,1.0,0.0,Brain_ALT,1
ZC109-MPRA3-AP1121-26-Hippocampus_ALT_Barcode_5,Hippocampus,AAV-PHP-EB,,AP1121,ZC109R-MPRA3-AP1121-26-Hippocampus,Brain,Brain,,,,,,5,5_ALT,ALT,ZC109R-MPRA3-AP1121-26-Hippocampus_ALT,AP1121_ALT,Hippocampus_ALT,F,0.0,1.0,0.0,AP1121Hippocampus,1.0,0.0,1.0,0.0,Brain_ALT,1
ZC109-MPRA3-AP1121-26-Hippocampus_REF_Barcode_1,Hippocampus,AAV-PHP-EB,,AP1121,ZC109R-MPRA3-AP1121-26-Hippocampus,Brain,Brain,,,,,,1,1_REF,REF,ZC109R-MPRA3-AP1121-26-Hippocampus_REF,AP1121_REF,Hippocampus_REF,F,0.0,1.0,0.0,AP1121Hippocampus,0.0,0.0,0.0,0.0,Brain_REF,0
ZC109-MPRA3-AP1121-26-Hippocampus_REF_Barcode_2,Hippocampus,AAV-PHP-EB,,AP1121,ZC109R-MPRA3-AP1121-26-Hippocampus,Brain,Brain,,,,,,2,2_REF,REF,ZC109R-MPRA3-AP1121-26-Hippocampus_REF,AP1121_REF,Hippocampus_REF,F,0.0,1.0,0.0,AP1121Hippocampus,0.0,0.0,0.0,0.0,Brain_REF,0
ZC109-MPRA3-AP1121-26-Hippocampus_REF_Barcode_3,Hippocampus,AAV-PHP-EB,,AP1121,ZC109R-MPRA3-AP1121-26-Hippocampus,Brain,Brain,,,,,,3,3_REF,REF,ZC109R-MPRA3-AP1121-26-Hippocampus_REF,AP1121_REF,Hippocampus_REF,F,0.0,1.0,0.0,AP1121Hippocampus,0.0,0.0,0.0,0.0,Brain_REF,0
ZC109-MPRA3-AP1121-26-Hippocampus_REF_Barcode_4,Hippocampus,AAV-PHP-EB,,AP1121,ZC109R-MPRA3-AP1121-26-Hippocampus,Brain,Brain,,,,,,4,4_REF,REF,ZC109R-MPRA3-AP1121-26-Hippocampus_REF,AP1121_REF,Hippocampus_REF,F,0.0,1.0,0.0,AP1121Hippocampus,0.0,0.0,0.0,0.0,Brain_REF,0
ZC109-MPRA3-AP1121-26-Hippocampus_REF_Barcode_5,Hippocampus,AAV-PHP-EB,,AP1121,ZC109R-MPRA3-AP1121-26-Hippocampus,Brain,Brain,,,,,,5,5_REF,REF,ZC109R-MPRA3-AP1121-26-Hippocampus_REF,AP1121_REF,Hippocampus_REF,F,0.0,1.0,0.0,AP1121Hippocampus,0.0,0.0,0.0,0.0,Brain_REF,0
ZC95-MPRA3-AP1133-26-Cortex_ALT_Barcode_1,Cortex,AAV-PHP-EB,,AP1133,ZC95R-MPRA3-AP1133-26-Cortex,Brain,Brain,,,,,,1,1_ALT,ALT,ZC95R-MPRA3-AP1133-26-Cortex_ALT,AP1133_ALT,Cortex_ALT,M,0.0,0.0,1.0,AP1133Cortex,1.0,0.0,0.0,1.0,Brain_ALT,1
ZC95-MPRA3-AP1133-26-Cortex_ALT_Barcode_2,Cortex,AAV-PHP-EB,,AP1133,ZC95R-MPRA3-AP1133-26-Cortex,Brain,Brain,,,,,,2,2_ALT,ALT,ZC95R-MPRA3-AP1133-26-Cortex_ALT,AP1133_ALT,Cortex_ALT,M,0.0,0.0,1.0,AP1133Cortex,1.0,0.0,0.0,1.0,Brain_ALT,1
ZC95-MPRA3-AP1133-26-Cortex_ALT_Barcode_3,Cortex,AAV-PHP-EB,,AP1133,ZC95R-MPRA3-AP1133-26-Cortex,Brain,Brain,,,,,,3,3_ALT,ALT,ZC95R-MPRA3-AP1133-26-Cortex_ALT,AP1133_ALT,Cortex_ALT,M,0.0,0.0,1.0,AP1133Cortex,1.0,0.0,0.0,1.0,Brain_ALT,1
ZC95-MPRA3-AP1133-26-Cortex_ALT_Barcode_4,Cortex,AAV-PHP-EB,,AP1133,ZC95R-MPRA3-AP1133-26-Cortex,Brain,Brain,,,,,,4,4_ALT,ALT,ZC95R-MPRA3-AP1133-26-Cortex_ALT,AP1133_ALT,Cortex_ALT,M,0.0,0.0,1.0,AP1133Cortex,1.0,0.0,0.0,1.0,Brain_ALT,1
ZC95-MPRA3-AP1133-26-Cortex_ALT_Barcode_5,Cortex,AAV-PHP-EB,,AP1133,ZC95R-MPRA3-AP1133-26-Cortex,Brain,Brain,,,,,,5,5_ALT,ALT,ZC95R-MPRA3-AP1133-26-Cortex_ALT,AP1133_ALT,Cortex_ALT,M,0.0,0.0,1.0,AP1133Cortex,1.0,0.0,0.0,1.0,Brain_ALT,1
ZC95-MPRA3-AP1133-26-Cortex_REF_Barcode_1,Cortex,AAV-PHP-EB,,AP1133,ZC95R-MPRA3-AP1133-26-Cortex,Brain,Brain,,,,,,1,1_REF,REF,ZC95R-MPRA3-AP1133-26-Cortex_REF,AP1133_REF,Cortex_REF,M,0.0,0.0,1.0,AP1133Cortex,0.0,0.0,0.0,0.0,Brain_REF,0
ZC95-MPRA3-AP1133-26-Cortex_REF_Barcode_2,Cortex,AAV-PHP-EB,,AP1133,ZC95R-MPRA3-AP1133-26-Cortex,Brain,Brain,,,,,,2,2_REF,REF,ZC95R-MPRA3-AP1133-26-Cortex_REF,AP1133_REF,Cortex_REF,M,0.0,0.0,1.0,AP1133Cortex,0.0,0.0,0.0,0.0,Brain_REF,0
ZC95-MPRA3-AP1133-26-Cortex_REF_Barcode_3,Cortex,AAV-PHP-EB,,AP1133,ZC95R-MPRA3-AP1133-26-Cortex,Brain,Brain,,,,,,3,3_REF,REF,ZC95R-MPRA3-AP1133-26-Cortex_REF,AP1133_REF,Cortex_REF,M,0.0,0.0,1.0,AP1133Cortex,0.0,0.0,0.0,0.0,Brain_REF,0
ZC95-MPRA3-AP1133-26-Cortex_REF_Barcode_4,Cortex,AAV-PHP-EB,,AP1133,ZC95R-MPRA3-AP1133-26-Cortex,Brain,Brain,,,,,,4,4_REF,REF,ZC95R-MPRA3-AP1133-26-Cortex_REF,AP1133_REF,Cortex_REF,M,0.0,0.0,1.0,AP1133Cortex,0.0,0.0,0.0,0.0,Brain_REF,0
ZC95-MPRA3-AP1133-26-Cortex_REF_Barcode_5,Cortex,AAV-PHP-EB,,AP1133,ZC95R-MPRA3-AP1133-26-Cortex,Brain,Brain,,,,,,5,5_REF,REF,ZC95R-MPRA3-AP1133-26-Cortex_REF,AP1133_REF,Cortex_REF,M,0.0,0.0,1.0,AP1133Cortex,0.0,0.0,0.0,0.0,Brain_REF,0
ZC96-MPRA3-AP1133-26-Striatum_ALT_Barcode_1,Striatum,AAV-PHP-EB,,AP1133,ZC96R-MPRA3-AP1133-26-Striatum,Brain,Brain,,,,,,1,1_ALT,ALT,ZC96R-MPRA3-AP1133-26-Striatum_ALT,AP1133_ALT,Striatum_ALT,M,1.0,0.0,0.0,AP1133Striatum,1.0,1.0,0.0,0.0,Brain_ALT,1
ZC96-MPRA3-AP1133-26-Striatum_ALT_Barcode_2,Striatum,AAV-PHP-EB,,AP1133,ZC96R-MPRA3-AP1133-26-Striatum,Brain,Brain,,,,,,2,2_ALT,ALT,ZC96R-MPRA3-AP1133-26-Striatum_ALT,AP1133_ALT,Striatum_ALT,M,1.0,0.0,0.0,AP1133Striatum,1.0,1.0,0.0,0.0,Brain_ALT,1
ZC96-MPRA3-AP1133-26-Striatum_ALT_Barcode_3,Striatum,AAV-PHP-EB,,AP1133,ZC96R-MPRA3-AP1133-26-Striatum,Brain,Brain,,,,,,3,3_ALT,ALT,ZC96R-MPRA3-AP1133-26-Striatum_ALT,AP1133_ALT,Striatum_ALT,M,1.0,0.0,0.0,AP1133Striatum,1.0,1.0,0.0,0.0,Brain_ALT,1
ZC96-MPRA3-AP1133-26-Striatum_ALT_Barcode_4,Striatum,AAV-PHP-EB,,AP1133,ZC96R-MPRA3-AP1133-26-Striatum,Brain,Brain,,,,,,4,4_ALT,ALT,ZC96R-MPRA3-AP1133-26-Striatum_ALT,AP1133_ALT,Striatum_ALT,M,1.0,0.0,0.0,AP1133Striatum,1.0,1.0,0.0,0.0,Brain_ALT,1
ZC96-MPRA3-AP1133-26-Striatum_ALT_Barcode_5,Striatum,AAV-PHP-EB,,AP1133,ZC96R-MPRA3-AP1133-26-Striatum,Brain,Brain,,,,,,5,5_ALT,ALT,ZC96R-MPRA3-AP1133-26-Striatum_ALT,AP1133_ALT,Striatum_ALT,M,1.0,0.0,0.0,AP1133Striatum,1.0,1.0,0.0,0.0,Brain_ALT,1
ZC96-MPRA3-AP1133-26-Striatum_REF_Barcode_1,Striatum,AAV-PHP-EB,,AP1133,ZC96R-MPRA3-AP1133-26-Striatum,Brain,Brain,,,,,,1,1_REF,REF,ZC96R-MPRA3-AP1133-26-Striatum_REF,AP1133_REF,Striatum_REF,M,1.0,0.0,0.0,AP1133Striatum,0.0,0.0,0.0,0.0,Brain_REF,0
ZC96-MPRA3-AP1133-26-Striatum_REF_Barcode_2,Striatum,AAV-PHP-EB,,AP1133,ZC96R-MPRA3-AP1133-26-Striatum,Brain,Brain,,,,,,2,2_REF,REF,ZC96R-MPRA3-AP1133-26-Striatum_REF,AP1133_REF,Striatum_REF,M,1.0,0.0,0.0,AP1133Striatum,0.0,0.0,0.0,0.0,Brain_REF,0
ZC96-MPRA3-AP1133-26-Striatum_REF_Barcode_3,Striatum,AAV-PHP-EB,,AP1133,ZC96R-MPRA3-AP1133-26-Striatum,Brain,Brain,,,,,,3,3_REF,REF,ZC96R-MPRA3-AP1133-26-Striatum_REF,AP1133_REF,Striatum_REF,M,1.0,0.0,0.0,AP1133Striatum,0.0,0.0,0.0,0.0,Brain_REF,0
ZC96-MPRA3-AP1133-26-Striatum_REF_Barcode_4,Striatum,AAV-PHP-EB,,AP1133,ZC96R-MPRA3-AP1133-26-Striatum,Brain,Brain,,,,,,4,4_REF,REF,ZC96R-MPRA3-AP1133-26-Striatum_REF,AP1133_REF,Striatum_REF,M,1.0,0.0,0.0,AP1133Striatum,0.0,0.0,0.0,0.0,Brain_REF,0
ZC96-MPRA3-AP1133-26-Striatum_REF_Barcode_5,Striatum,AAV-PHP-EB,,AP1133,ZC96R-MPRA3-AP1133-26-Striatum,Brain,Brain,,,,,,5,5_REF,REF,ZC96R-MPRA3-AP1133-26-Striatum_REF,AP1133_REF,Striatum_REF,M,1.0,0.0,0.0,AP1133Striatum,0.0,0.0,0.0,0.0,Brain_REF,0
ZC97-MPRA3-AP1133-26-Hippocampus_ALT_Barcode_1,Hippocampus,AAV-PHP-EB,,AP1133,ZC97R-MPRA3-AP1133-26-Hippocampus,Brain,Brain,,,,,,1,1_ALT,ALT,ZC97R-MPRA3-AP1133-26-Hippocampus_ALT,AP1133_ALT,Hippocampus_ALT,M,0.0,1.0,0.0,AP1133Hippocampus,1.0,0.0,1.0,0.0,Brain_ALT,1
ZC97-MPRA3-AP1133-26-Hippocampus_ALT_Barcode_2,Hippocampus,AAV-PHP-EB,,AP1133,ZC97R-MPRA3-AP1133-26-Hippocampus,Brain,Brain,,,,,,2,2_ALT,ALT,ZC97R-MPRA3-AP1133-26-Hippocampus_ALT,AP1133_ALT,Hippocampus_ALT,M,0.0,1.0,0.0,AP1133Hippocampus,1.0,0.0,1.0,0.0,Brain_ALT,1
ZC97-MPRA3-AP1133-26-Hippocampus_ALT_Barcode_3,Hippocampus,AAV-PHP-EB,,AP1133,ZC97R-MPRA3-AP1133-26-Hippocampus,Brain,Brain,,,,,,3,3_ALT,ALT,ZC97R-MPRA3-AP1133-26-Hippocampus_ALT,AP1133_ALT,Hippocampus_ALT,M,0.0,1.0,0.0,AP1133Hippocampus,1.0,0.0,1.0,0.0,Brain_ALT,1
ZC97-MPRA3-AP1133-26-Hippocampus_ALT_Barcode_4,Hippocampus,AAV-PHP-EB,,AP1133,ZC97R-MPRA3-AP1133-26-Hippocampus,Brain,Brain,,,,,,4,4_ALT,ALT,ZC97R-MPRA3-AP1133-26-Hippocampus_ALT,AP1133_ALT,Hippocampus_ALT,M,0.0,1.0,0.0,AP1133Hippocampus,1.0,0.0,1.0,0.0,Brain_ALT,1
ZC97-MPRA3-AP1133-26-Hippocampus_ALT_Barcode_5,Hippocampus,AAV-PHP-EB,,AP1133,ZC97R-MPRA3-AP1133-26-Hippocampus,Brain,Brain,,,,,,5,5_ALT,ALT,ZC97R-MPRA3-AP1133-26-Hippocampus_ALT,AP1133_ALT,Hippocampus_ALT,M,0.0,1.0,0.0,AP1133Hippocampus,1.0,0.0,1.0,0.0,Brain_ALT,1
ZC97-MPRA3-AP1133-26-Hippocampus_REF_Barcode_1,Hippocampus,AAV-PHP-EB,,AP1133,ZC97R-MPRA3-AP1133-26-Hippocampus,Brain,Brain,,,,,,1,1_REF,REF,ZC97R-MPRA3-AP1133-26-Hippocampus_REF,AP1133_REF,Hippocampus_REF,M,0.0,1.0,0.0,AP1133Hippocampus,0.0,0.0,0.0,0.0,Brain_REF,0
ZC97-MPRA3-AP1133-26-Hippocampus_REF_Barcode_2,Hippocampus,AAV-PHP-EB,,AP1133,ZC97R-MPRA3-AP1133-26-Hippocampus,Brain,Brain,,,,,,2,2_REF,REF,ZC97R-MPRA3-AP1133-26-Hippocampus_REF,AP1133_REF,Hippocampus_REF,M,0.0,1.0,0.0,AP1133Hippocampus,0.0,0.0,0.0,0.0,Brain_REF,0
ZC97-MPRA3-AP1133-26-Hippocampus_REF_Barcode_3,Hippocampus,AAV-PHP-EB,,AP1133,ZC97R-MPRA3-AP1133-26-Hippocampus,Brain,Brain,,,,,,3,3_REF,REF,ZC97R-MPRA3-AP1133-26-Hippocampus_REF,AP1133_REF,Hippocampus_REF,M,0.0,1.0,0.0,AP1133Hippocampus,0.0,0.0,0.0,0.0,Brain_REF,0
ZC97-MPRA3-AP1133-26-Hippocampus_REF_Barcode_4,Hippocampus,AAV-PHP-EB,,AP1133,ZC97R-MPRA3-AP1133-26-Hippocampus,Brain,Brain,,,,,,4,4_REF,REF,ZC97R-MPRA3-AP1133-26-Hippocampus_REF,AP1133_REF,Hippocampus_REF,M,0.0,1.0,0.0,AP1133Hippocampus,0.0,0.0,0.0,0.0,Brain_REF,0
ZC97-MPRA3-AP1133-26-Hippocampus_REF_Barcode_5,Hippocampus,AAV-PHP-EB,,AP1133,ZC97R-MPRA3-AP1133-26-Hippocampus,Brain,Brain,,,,,,5,5_REF,REF,ZC97R-MPRA3-AP1133-26-Hippocampus_REF,AP1133_REF,Hippocampus_REF,M,0.0,1.0,0.0,AP1133Hippocampus,0.0,0.0,0.0,0.0,Brain_REF,0
ZC99-MPRA3-AP1134-26-Cortex_ALT_Barcode_1,Cortex,AAV-PHP-EB,,AP1134,ZC99R-MPRA3-AP1134-26-Cortex,Brain,Brain,,,,,,1,1_ALT,ALT,ZC99R-MPRA3-AP1134-26-Cortex_ALT,AP1134_ALT,Cortex_ALT,M,0.0,0.0,1.0,AP1134Cortex,1.0,0.0,0.0,1.0,Brain_ALT,1
ZC99-MPRA3-AP1134-26-Cortex_ALT_Barcode_2,Cortex,AAV-PHP-EB,,AP1134,ZC99R-MPRA3-AP1134-26-Cortex,Brain,Brain,,,,,,2,2_ALT,ALT,ZC99R-MPRA3-AP1134-26-Cortex_ALT,AP1134_ALT,Cortex_ALT,M,0.0,0.0,1.0,AP1134Cortex,1.0,0.0,0.0,1.0,Brain_ALT,1
ZC99-MPRA3-AP1134-26-Cortex_ALT_Barcode_3,Cortex,AAV-PHP-EB,,AP1134,ZC99R-MPRA3-AP1134-26-Cortex,Brain,Brain,,,,,,3,3_ALT,ALT,ZC99R-MPRA3-AP1134-26-Cortex_ALT,AP1134_ALT,Cortex_ALT,M,0.0,0.0,1.0,AP1134Cortex,1.0,0.0,0.0,1.0,Brain_ALT,1
ZC99-MPRA3-AP1134-26-Cortex_ALT_Barcode_4,Cortex,AAV-PHP-EB,,AP1134,ZC99R-MPRA3-AP1134-26-Cortex,Brain,Brain,,,,,,4,4_ALT,ALT,ZC99R-MPRA3-AP1134-26-Cortex_ALT,AP1134_ALT,Cortex_ALT,M,0.0,0.0,1.0,AP1134Cortex,1.0,0.0,0.0,1.0,Brain_ALT,1
ZC99-MPRA3-AP1134-26-Cortex_ALT_Barcode_5,Cortex,AAV-PHP-EB,,AP1134,ZC99R-MPRA3-AP1134-26-Cortex,Brain,Brain,,,,,,5,5_ALT,ALT,ZC99R-MPRA3-AP1134-26-Cortex_ALT,AP1134_ALT,Cortex_ALT,M,0.0,0.0,1.0,AP1134Cortex,1.0,0.0,0.0,1.0,Brain_ALT,1
ZC99-MPRA3-AP1134-26-Cortex_REF_Barcode_1,Cortex,AAV-PHP-EB,,AP1134,ZC99R-MPRA3-AP1134-26-Cortex,Brain,Brain,,,,,,1,1_REF,REF,ZC99R-MPRA3-AP1134-26-Cortex_REF,AP1134_REF,Cortex_REF,M,0.0,0.0,1.0,AP1134Cortex,0.0,0.0,0.0,0.0,Brain_REF,0
ZC99-MPRA3-AP1134-26-Cortex_REF_Barcode_2,Cortex,AAV-PHP-EB,,AP1134,ZC99R-MPRA3-AP1134-26-Cortex,Brain,Brain,,,,,,2,2_REF,REF,ZC99R-MPRA3-AP1134-26-Cortex_REF,AP1134_REF,Cortex_REF,M,0.0,0.0,1.0,AP1134Cortex,0.0,0.0,0.0,0.0,Brain_REF,0
ZC99-MPRA3-AP1134-26-Cortex_REF_Barcode_3,Cortex,AAV-PHP-EB,,AP1134,ZC99R-MPRA3-AP1134-26-Cortex,Brain,Brain,,,,,,3,3_REF,REF,ZC99R-MPRA3-AP1134-26-Cortex_REF,AP1134_REF,Cortex_REF,M,0.0,0.0,1.0,AP1134Cortex,0.0,0.0,0.0,0.0,Brain_REF,0
ZC99-MPRA3-AP1134-26-Cortex_REF_Barcode_4,Cortex,AAV-PHP-EB,,AP1134,ZC99R-MPRA3-AP1134-26-Cortex,Brain,Brain,,,,,,4,4_REF,REF,ZC99R-MPRA3-AP1134-26-Cortex_REF,AP1134_REF,Cortex_REF,M,0.0,0.0,1.0,AP1134Cortex,0.0,0.0,0.0,0.0,Brain_REF,0
ZC99-MPRA3-AP1134-26-Cortex_REF_Barcode_5,Cortex,AAV-PHP-EB,,AP1134,ZC99R-MPRA3-AP1134-26-Cortex,Brain,Brain,,,,,,5,5_REF,REF,ZC99R-MPRA3-AP1134-26-Cortex_REF,AP1134_REF,Cortex_REF,M,0.0,0.0,1.0,AP1134Cortex,0.0,0.0,0.0,0.0,Brain_REF,0
